-- phpMyAdmin SQL Dump
-- version 4.8.5
-- https://www.phpmyadmin.net/
--
-- 主機： localhost
-- 產生時間： 2021 年 06 月 13 日 12:32
-- 伺服器版本： 10.1.38-MariaDB
-- PHP 版本： 7.3.4

SET SQL_MODE = "NO_AUTO_VALUE_ON_ZERO";
SET AUTOCOMMIT = 0;
START TRANSACTION;
SET time_zone = "+00:00";


/*!40101 SET @OLD_CHARACTER_SET_CLIENT=@@CHARACTER_SET_CLIENT */;
/*!40101 SET @OLD_CHARACTER_SET_RESULTS=@@CHARACTER_SET_RESULTS */;
/*!40101 SET @OLD_COLLATION_CONNECTION=@@COLLATION_CONNECTION */;
/*!40101 SET NAMES utf8mb4 */;

--
-- 資料庫： `foodmap`
--

-- --------------------------------------------------------

--
-- 資料表結構 `City`
--

CREATE TABLE `City` (
  `CityID` char(2) COLLATE utf8_unicode_520_ci NOT NULL,
  `City` char(3) COLLATE utf8_unicode_520_ci NOT NULL
) ENGINE=InnoDB DEFAULT CHARSET=utf8mb4 COLLATE=utf8_unicode_520_ci;

--
-- 傾印資料表的資料 `City`
--

INSERT INTO `City` (`CityID`, `City`) VALUES
('C1', '臺北市'),
('C2', '新北市');

-- --------------------------------------------------------

--
-- 資料表結構 `CityDistrict`
--

CREATE TABLE `CityDistrict` (
  `DistrictID` char(3) COLLATE utf8_unicode_520_ci NOT NULL,
  `CityID` char(2) COLLATE utf8_unicode_520_ci NOT NULL
) ENGINE=InnoDB DEFAULT CHARSET=utf8mb4 COLLATE=utf8_unicode_520_ci;

--
-- 傾印資料表的資料 `CityDistrict`
--

INSERT INTO `CityDistrict` (`DistrictID`, `CityID`) VALUES
('D01', 'C1'),
('D02', 'C1'),
('D03', 'C1'),
('D04', 'C1'),
('D05', 'C1'),
('D06', 'C1'),
('D07', 'C1'),
('D08', 'C1'),
('D09', 'C1'),
('D10', 'C1'),
('D11', 'C1'),
('D12', 'C1'),
('D13', 'C2'),
('D14', 'C2'),
('D15', 'C2'),
('D16', 'C2'),
('D17', 'C2'),
('D18', 'C2'),
('D19', 'C2'),
('D20', 'C2'),
('D21', 'C2'),
('D22', 'C2'),
('D23', 'C2'),
('D24', 'C2');

-- --------------------------------------------------------

--
-- 資料表結構 `District`
--

CREATE TABLE `District` (
  `DistrictID` char(3) COLLATE utf8_unicode_520_ci NOT NULL,
  `District` char(3) COLLATE utf8_unicode_520_ci NOT NULL
) ENGINE=InnoDB DEFAULT CHARSET=utf8mb4 COLLATE=utf8_unicode_520_ci;

--
-- 傾印資料表的資料 `District`
--

INSERT INTO `District` (`DistrictID`, `District`) VALUES
('D01', '松山區'),
('D02', '信義區'),
('D03', '大安區'),
('D04', '中山區'),
('D05', '中正區'),
('D06', '大同區'),
('D07', '萬華區'),
('D08', '文山區'),
('D09', '南港區'),
('D10', '內湖區'),
('D11', '士林區'),
('D12', '北投區'),
('D13', '板橋區'),
('D14', '三重區'),
('D15', '中和區'),
('D16', '永和區'),
('D17', '新莊區'),
('D18', '新店區'),
('D19', '樹林區'),
('D20', '淡水區'),
('D21', '汐止區'),
('D22', '土城區'),
('D23', '蘆洲區'),
('D24', '五股區');

-- --------------------------------------------------------

--
-- 資料表結構 `DistrictRoad`
--

CREATE TABLE `DistrictRoad` (
  `DistrictRoadID` char(5) COLLATE utf8_unicode_520_ci NOT NULL,
  `DistrictID` char(3) COLLATE utf8_unicode_520_ci NOT NULL,
  `Road` varchar(10) COLLATE utf8_unicode_520_ci NOT NULL
) ENGINE=InnoDB DEFAULT CHARSET=utf8mb4 COLLATE=utf8_unicode_520_ci;

--
-- 傾印資料表的資料 `DistrictRoad`
--

INSERT INTO `DistrictRoad` (`DistrictRoadID`, `DistrictID`, `Road`) VALUES
('R0001', 'D01', '八德路'),
('R0002', 'D01', '三民路'),
('R0003', 'D01', '五常街'),
('R0004', 'D01', '北寧路'),
('R0005', 'D01', '市民大道'),
('R0006', 'D01', '民生東路'),
('R0007', 'D01', '民族東路'),
('R0008', 'D01', '民權東路'),
('R0009', 'D01', '光復北路'),
('R0010', 'D01', '光復南路'),
('R0011', 'D01', '吉祥路'),
('R0012', 'D01', '延吉街'),
('R0013', 'D01', '延壽街'),
('R0014', 'D01', '東寧路'),
('R0015', 'D01', '東興路'),
('R0016', 'D01', '松河街'),
('R0017', 'D01', '虎林街'),
('R0018', 'D01', '長安東路'),
('R0019', 'D01', '長春路'),
('R0020', 'D01', '南京東路'),
('R0021', 'D01', '健康路'),
('R0022', 'D01', '基隆路'),
('R0023', 'D01', '富錦街'),
('R0024', 'D01', '復興北路'),
('R0025', 'D01', '復興南路'),
('R0026', 'D01', '敦化北路'),
('R0027', 'D01', '敦化南路'),
('R0028', 'D01', '塔悠路'),
('R0029', 'D01', '新中街'),
('R0030', 'D01', '新東街'),
('R0031', 'D01', '寧安街'),
('R0032', 'D01', '慶城街'),
('R0033', 'D01', '撫遠街'),
('R0034', 'D01', '興安街'),
('R0035', 'D01', '濱江街'),
('R0036', 'D01', '寶清街'),
('R0037', 'D01', '饒河街'),
('R0038', 'D02', '大道路'),
('R0039', 'D02', '中坡北路'),
('R0040', 'D02', '中坡南路'),
('R0041', 'D02', '仁愛路'),
('R0042', 'D02', '文昌街'),
('R0043', 'D02', '市民大道'),
('R0044', 'D02', '市府路'),
('R0045', 'D02', '永吉路'),
('R0046', 'D02', '光復南路'),
('R0047', 'D02', '吳興街'),
('R0048', 'D02', '和平東路'),
('R0049', 'D02', '忠孝東路'),
('R0050', 'D02', '東興路'),
('R0051', 'D02', '松山路'),
('R0052', 'D02', '松仁路'),
('R0053', 'D02', '松平路'),
('R0054', 'D02', '松信路'),
('R0055', 'D02', '松勇路'),
('R0056', 'D02', '松高路'),
('R0057', 'D02', '松智路'),
('R0058', 'D02', '松隆路'),
('R0059', 'D02', '松勤街'),
('R0060', 'D02', '松廉路'),
('R0061', 'D02', '松壽路'),
('R0062', 'D02', '松德路'),
('R0063', 'D02', '林口街'),
('R0064', 'D02', '虎林街'),
('R0065', 'D02', '青雲街'),
('R0066', 'D02', '信安街'),
('R0067', 'D02', '信義路'),
('R0068', 'D02', '基隆路'),
('R0069', 'D02', '崇德街'),
('R0070', 'D02', '祥雲街'),
('R0071', 'D02', '莊敬路'),
('R0072', 'D02', '富陽街'),
('R0073', 'D02', '景雲街'),
('R0074', 'D02', '紫雲街'),
('R0075', 'D02', '菸廠路'),
('R0076', 'D02', '逸仙路'),
('R0077', 'D02', '瑞雲街'),
('R0078', 'D02', '嘉興街'),
('R0079', 'D02', '福德街'),
('R0080', 'D03', '八德路'),
('R0081', 'D03', '大安路'),
('R0082', 'D03', '仁愛路'),
('R0083', 'D03', '文昌街'),
('R0084', 'D03', '四維路'),
('R0085', 'D03', '市民大道'),
('R0086', 'D03', '永康街'),
('R0087', 'D03', '光復南路'),
('R0088', 'D03', '安和路'),
('R0089', 'D03', '安居街'),
('R0090', 'D03', '安東街'),
('R0091', 'D03', '辛亥路'),
('R0092', 'D03', '和平東路'),
('R0093', 'D03', '延吉街'),
('R0094', 'D03', '忠孝東路'),
('R0095', 'D03', '杭州南路'),
('R0096', 'D03', '東豐街'),
('R0097', 'D03', '臥龍街'),
('R0098', 'D03', '芳蘭路'),
('R0099', 'D03', '金山南路'),
('R0100', 'D03', '金華街'),
('R0101', 'D03', '長興街'),
('R0102', 'D03', '青田街'),
('R0103', 'D03', '信義路'),
('R0104', 'D03', '建國南路'),
('R0105', 'D03', '師大路'),
('R0106', 'D03', '泰順街'),
('R0107', 'D03', '浦城街'),
('R0108', 'D03', '基隆路'),
('R0109', 'D03', '通化街'),
('R0110', 'D03', '通安街'),
('R0111', 'D03', '富陽街'),
('R0112', 'D03', '復興南路'),
('R0113', 'D03', '敦化南路'),
('R0114', 'D03', '敦南街'),
('R0115', 'D03', '雲和街'),
('R0116', 'D03', '愛國東路'),
('R0117', 'D03', '新生北路'),
('R0118', 'D03', '新生南路'),
('R0119', 'D03', '溫州街'),
('R0120', 'D03', '瑞安街'),
('R0121', 'D03', '嘉興街'),
('R0122', 'D03', '樂利路'),
('R0123', 'D03', '樂業街'),
('R0124', 'D03', '潮州街'),
('R0125', 'D03', '龍泉街'),
('R0126', 'D03', '濟南路'),
('R0127', 'D03', '臨江街'),
('R0128', 'D03', '羅斯福路'),
('R0129', 'D03', '麗水街'),
('R0130', 'D04', '一江街'),
('R0131', 'D04', '八德路'),
('R0132', 'D04', '大直街'),
('R0133', 'D04', '中山北路'),
('R0134', 'D04', '中原街'),
('R0135', 'D04', '五常街'),
('R0136', 'D04', '天津街'),
('R0137', 'D04', '天祥路'),
('R0138', 'D04', '北安路'),
('R0139', 'D04', '四平街'),
('R0140', 'D04', '市民大道'),
('R0141', 'D04', '民生西路'),
('R0142', 'D04', '民生東路'),
('R0143', 'D04', '民族西路'),
('R0144', 'D04', '民族東路'),
('R0145', 'D04', '民權西路'),
('R0146', 'D04', '民權東路'),
('R0147', 'D04', '玉門街'),
('R0148', 'D04', '伊通街'),
('R0149', 'D04', '合江街'),
('R0150', 'D04', '吉林路'),
('R0151', 'D04', '安東街'),
('R0152', 'D04', '朱崙街'),
('R0153', 'D04', '明水路'),
('R0154', 'D04', '松江路'),
('R0155', 'D04', '林森北路'),
('R0156', 'D04', '長安西路'),
('R0157', 'D04', '長安東路'),
('R0158', 'D04', '長春路'),
('R0159', 'D04', '南京西路'),
('R0160', 'D04', '南京東路'),
('R0161', 'D04', '建國北路'),
('R0162', 'D04', '建國南路'),
('R0163', 'D04', '基湖路'),
('R0164', 'D04', '崇實路'),
('R0165', 'D04', '通北街'),
('R0166', 'D04', '堤頂大道'),
('R0167', 'D04', '復興北路'),
('R0168', 'D04', '復興南路'),
('R0169', 'D04', '植福路'),
('R0170', 'D04', '渭水路'),
('R0171', 'D04', '華陰街'),
('R0172', 'D04', '敬業一路'),
('R0173', 'D04', '敬業二路'),
('R0174', 'D04', '敬業三路'),
('R0175', 'D04', '敬業四路'),
('R0176', 'D04', '新生北路'),
('R0177', 'D04', '農安街'),
('R0178', 'D04', '劍南路'),
('R0179', 'D04', '德惠街'),
('R0180', 'D04', '撫順街'),
('R0181', 'D04', '樂群二路'),
('R0182', 'D04', '樂群三路'),
('R0183', 'D04', '興安街'),
('R0184', 'D04', '遼寧街'),
('R0185', 'D04', '錦州街'),
('R0186', 'D04', '錦西街'),
('R0187', 'D04', '龍江路'),
('R0188', 'D04', '濱江街'),
('R0189', 'D04', '雙城街'),
('R0190', 'D05', '八德路'),
('R0191', 'D05', '三元街'),
('R0192', 'D05', '大埔街'),
('R0193', 'D05', '中山北路'),
('R0194', 'D05', '中山南路'),
('R0195', 'D05', '中華路'),
('R0196', 'D05', '丹陽街'),
('R0197', 'D05', '仁愛路'),
('R0198', 'D05', '公園路'),
('R0199', 'D05', '天津街'),
('R0200', 'D05', '水源路'),
('R0201', 'D05', '北平西路'),
('R0202', 'D05', '北平東路'),
('R0203', 'D05', '市民大道'),
('R0204', 'D05', '永春街'),
('R0205', 'D05', '永綏街'),
('R0206', 'D05', '汀州路'),
('R0207', 'D05', '同安街'),
('R0208', 'D05', '西藏路'),
('R0209', 'D05', '沅陵街'),
('R0210', 'D05', '秀山街'),
('R0211', 'D05', '辛亥路'),
('R0212', 'D05', '酉陽街'),
('R0213', 'D05', '和平西路'),
('R0214', 'D05', '延平南路'),
('R0215', 'D05', '忠孝西路'),
('R0216', 'D05', '忠孝東路'),
('R0217', 'D05', '杭州北路'),
('R0218', 'D05', '杭州南路'),
('R0219', 'D05', '林森北路'),
('R0220', 'D05', '林森南路'),
('R0221', 'D05', '武昌街'),
('R0222', 'D05', '金山北路'),
('R0223', 'D05', '金山南路'),
('R0224', 'D05', '金門街'),
('R0225', 'D05', '金華街'),
('R0226', 'D05', '長沙街'),
('R0227', 'D05', '青島西路'),
('R0228', 'D05', '青島東路'),
('R0229', 'D05', '信陽街'),
('R0230', 'D05', '信義路'),
('R0231', 'D05', '南昌路'),
('R0232', 'D05', '南海路'),
('R0233', 'D05', '南陽街'),
('R0234', 'D05', '思源街'),
('R0235', 'D05', '泉州街'),
('R0236', 'D05', '牯嶺街'),
('R0237', 'D05', '重慶南路'),
('R0238', 'D05', '師大路'),
('R0239', 'D05', '徐州路'),
('R0240', 'D05', '晉江街'),
('R0241', 'D05', '桃源街'),
('R0242', 'D05', '泰安街'),
('R0243', 'D05', '常德街'),
('R0244', 'D05', '紹興北街'),
('R0245', 'D05', '紹興南街'),
('R0246', 'D05', '莒光路'),
('R0247', 'D05', '許昌街'),
('R0248', 'D05', '連雲街'),
('R0249', 'D05', '凱達格蘭大道'),
('R0250', 'D05', '博愛路'),
('R0251', 'D05', '厦門街'),
('R0252', 'D05', '惠安街'),
('R0253', 'D05', '湖口街'),
('R0254', 'D05', '詔安街'),
('R0255', 'D05', '貴陽街'),
('R0256', 'D05', '開封街'),
('R0257', 'D05', '愛國西路'),
('R0258', 'D05', '愛國東路'),
('R0259', 'D05', '新生南路'),
('R0260', 'D05', '寧波西街'),
('R0261', 'D05', '寧波東街'),
('R0262', 'D05', '漢口街'),
('R0263', 'D05', '福州街'),
('R0264', 'D05', '銅山街'),
('R0265', 'D05', '齊東街'),
('R0266', 'D05', '廣州街'),
('R0267', 'D05', '潮州街'),
('R0268', 'D05', '鄭州路'),
('R0269', 'D05', '衡陽路'),
('R0270', 'D05', '館前路'),
('R0271', 'D05', '濟南路'),
('R0272', 'D05', '臨沂街'),
('R0273', 'D05', '襄陽路'),
('R0274', 'D05', '鎮江街'),
('R0275', 'D05', '懷寧街'),
('R0276', 'D05', '羅斯福路'),
('R0277', 'D05', '寶慶路'),
('R0278', 'D06', '大龍街'),
('R0279', 'D06', '五原路'),
('R0280', 'D06', '天水路'),
('R0281', 'D06', '太原路'),
('R0282', 'D06', '市民大道'),
('R0283', 'D06', '平陽街'),
('R0284', 'D06', '民生西路'),
('R0285', 'D06', '民族西路'),
('R0286', 'D06', '民樂街'),
('R0287', 'D06', '民權西路'),
('R0288', 'D06', '永昌街'),
('R0289', 'D06', '甘州街'),
('R0290', 'D06', '甘谷街'),
('R0291', 'D06', '伊寧街'),
('R0292', 'D06', '安西街'),
('R0293', 'D06', '西寧北路'),
('R0294', 'D06', '赤峰街'),
('R0295', 'D06', '延平北路'),
('R0296', 'D06', '忠孝西路'),
('R0297', 'D06', '承德路'),
('R0298', 'D06', '昌吉街'),
('R0299', 'D06', '長安西路'),
('R0300', 'D06', '保安街'),
('R0301', 'D06', '南京西路'),
('R0302', 'D06', '哈密街'),
('R0303', 'D06', '迪化街'),
('R0304', 'D06', '重慶北路'),
('R0305', 'D06', '庫倫街'),
('R0306', 'D06', '酒泉街'),
('R0307', 'D06', '涼州街'),
('R0308', 'D06', '通河西街'),
('R0309', 'D06', '敦煌路'),
('R0310', 'D06', '景化街'),
('R0311', 'D06', '華亭街'),
('R0312', 'D06', '華陰街'),
('R0313', 'D06', '貴德街'),
('R0314', 'D06', '塔城街'),
('R0315', 'D06', '萬全街'),
('R0316', 'D06', '寧夏路'),
('R0317', 'D06', '撫順街'),
('R0318', 'D06', '鄭州路'),
('R0319', 'D06', '興城街'),
('R0320', 'D06', '錦西街'),
('R0321', 'D06', '環河北路'),
('R0322', 'D06', '歸綏街'),
('R0323', 'D06', '雙連街'),
('R0324', 'D06', '蘭州街'),
('R0325', 'D07', '三水街'),
('R0326', 'D07', '大埔街'),
('R0327', 'D07', '大理街'),
('R0328', 'D07', '中華路'),
('R0329', 'D07', '內江街'),
('R0330', 'D07', '水源路'),
('R0331', 'D07', '民和街'),
('R0332', 'D07', '永福街'),
('R0333', 'D07', '汀州路'),
('R0334', 'D07', '成都路'),
('R0335', 'D07', '西昌街'),
('R0336', 'D07', '西園路'),
('R0337', 'D07', '西寧南路'),
('R0338', 'D07', '西藏路'),
('R0339', 'D07', '和平西路'),
('R0340', 'D07', '忠孝西路'),
('R0341', 'D07', '昆明街'),
('R0342', 'D07', '東園街'),
('R0343', 'D07', '武成街'),
('R0344', 'D07', '武昌街'),
('R0345', 'D07', '長沙街'),
('R0346', 'D07', '長泰街'),
('R0347', 'D07', '長順街'),
('R0348', 'D07', '青年路'),
('R0349', 'D07', '南寧路'),
('R0350', 'D07', '柳州街'),
('R0351', 'D07', '洛陽街'),
('R0352', 'D07', '峨眉街'),
('R0353', 'D07', '桂林路'),
('R0354', 'D07', '國興路'),
('R0355', 'D07', '康定路'),
('R0356', 'D07', '梧州街'),
('R0357', 'D07', '莒光路'),
('R0358', 'D07', '富民路'),
('R0359', 'D07', '華西街'),
('R0360', 'D07', '貴陽街'),
('R0361', 'D07', '開封街'),
('R0362', 'D07', '隆昌街'),
('R0363', 'D07', '雅江街'),
('R0364', 'D07', '萬大路'),
('R0365', 'D07', '萬青街'),
('R0366', 'D07', '漢口街'),
('R0367', 'D07', '漢中街'),
('R0368', 'D07', '艋舺大道'),
('R0369', 'D07', '廣州街'),
('R0370', 'D07', '德昌街'),
('R0371', 'D07', '興義街'),
('R0372', 'D07', '興寧街'),
('R0373', 'D07', '環河南路'),
('R0374', 'D07', '雙和街'),
('R0375', 'D07', '雙園街'),
('R0376', 'D07', '寶興街'),
('R0377', 'D08', '一壽街'),
('R0378', 'D08', '三福街'),
('R0379', 'D08', '下崙路'),
('R0380', 'D08', '久康街'),
('R0381', 'D08', '中崙路'),
('R0382', 'D08', '公館街'),
('R0383', 'D08', '木柵路'),
('R0384', 'D08', '木新路'),
('R0385', 'D08', '仙岩路'),
('R0386', 'D08', '永安街'),
('R0387', 'D08', '汀州路'),
('R0388', 'D08', '光輝路'),
('R0389', 'D08', '老泉街'),
('R0390', 'D08', '秀明路'),
('R0391', 'D08', '育英街'),
('R0392', 'D08', '車前路'),
('R0393', 'D08', '辛亥路'),
('R0394', 'D08', '和平東路'),
('R0395', 'D08', '和興路'),
('R0396', 'D08', '忠順街'),
('R0397', 'D08', '保儀路'),
('R0398', 'D08', '恆光街'),
('R0399', 'D08', '指南路'),
('R0400', 'D08', '政大一街'),
('R0401', 'D08', '政大二街'),
('R0402', 'D08', '政大三街'),
('R0403', 'D08', '富山路'),
('R0404', 'D08', '景中街'),
('R0405', 'D08', '景仁街'),
('R0406', 'D08', '景文街'),
('R0407', 'D08', '景明街'),
('R0408', 'D08', '景後街'),
('R0409', 'D08', '景美街'),
('R0410', 'D08', '景華街'),
('R0411', 'D08', '景隆街'),
('R0412', 'D08', '景福街'),
('R0413', 'D08', '景興路'),
('R0414', 'D08', '景豐街'),
('R0415', 'D08', '開元街'),
('R0416', 'D08', '集英街'),
('R0417', 'D08', '新光路'),
('R0418', 'D08', '溪口街'),
('R0419', 'D08', '溪洲街'),
('R0420', 'D08', '萬安街'),
('R0421', 'D08', '萬利街'),
('R0422', 'D08', '萬和街'),
('R0423', 'D08', '萬芳路'),
('R0424', 'D08', '萬美街'),
('R0425', 'D08', '萬盛街'),
('R0426', 'D08', '萬隆街'),
('R0427', 'D08', '萬壽路'),
('R0428', 'D08', '萬寧街'),
('R0429', 'D08', '萬慶街'),
('R0430', 'D08', '試院路'),
('R0431', 'D08', '福興路'),
('R0432', 'D08', '樟新街'),
('R0433', 'D08', '興隆路'),
('R0434', 'D08', '興順街'),
('R0435', 'D08', '興德路'),
('R0436', 'D08', '羅斯福路'),
('R0437', 'D09', '八德路'),
('R0438', 'D09', '三重路'),
('R0439', 'D09', '中坡北路'),
('R0440', 'D09', '中坡南路'),
('R0441', 'D09', '中南街'),
('R0442', 'D09', '市民大道'),
('R0443', 'D09', '永吉路'),
('R0444', 'D09', '玉成街'),
('R0445', 'D09', '合順街'),
('R0446', 'D09', '同德路'),
('R0447', 'D09', '向陽路'),
('R0448', 'D09', '成功路'),
('R0449', 'D09', '成福路'),
('R0450', 'D09', '忠孝東路'),
('R0451', 'D09', '昆陽街'),
('R0452', 'D09', '東明街'),
('R0453', 'D09', '東南街'),
('R0454', 'D09', '東新街'),
('R0455', 'D09', '松河街'),
('R0456', 'D09', '南深路'),
('R0457', 'D09', '南港路'),
('R0458', 'D09', '研究院路'),
('R0459', 'D09', '重陽路'),
('R0460', 'D09', '富康街'),
('R0461', 'D09', '惠民街'),
('R0462', 'D09', '港東街'),
('R0463', 'D09', '園區街'),
('R0464', 'D09', '新民街'),
('R0465', 'D09', '經貿一路'),
('R0466', 'D09', '經貿二路'),
('R0467', 'D09', '經園街'),
('R0468', 'D09', '福山街'),
('R0469', 'D09', '福德街'),
('R0470', 'D09', '興中路'),
('R0471', 'D09', '興東街'),
('R0472', 'D09', '興南街'),
('R0473', 'D09', '興華路'),
('R0474', 'D09', '舊莊街'),
('R0475', 'D10', '大湖山莊街'),
('R0476', 'D10', '大湖街'),
('R0477', 'D10', '五分街'),
('R0478', 'D10', '內湖路'),
('R0479', 'D10', '文湖街'),
('R0480', 'D10', '文德路'),
('R0481', 'D10', '民善街'),
('R0482', 'D10', '民權東路'),
('R0483', 'D10', '永保街'),
('R0484', 'D10', '石潭路'),
('R0485', 'D10', '安美街'),
('R0486', 'D10', '安泰街'),
('R0487', 'D10', '安康路'),
('R0488', 'D10', '成功路'),
('R0489', 'D10', '江南街'),
('R0490', 'D10', '行忠路'),
('R0491', 'D10', '行善路'),
('R0492', 'D10', '行愛路'),
('R0493', 'D10', '東湖路'),
('R0494', 'D10', '金莊路'),
('R0495', 'D10', '金湖路'),
('R0496', 'D10', '金龍路'),
('R0497', 'D10', '金豐街'),
('R0498', 'D10', '南京東路'),
('R0499', 'D10', '星雲街'),
('R0500', 'D10', '洲子街'),
('R0501', 'D10', '基湖路'),
('R0502', 'D10', '康寧路'),
('R0503', 'D10', '康樂街'),
('R0504', 'D10', '堤頂大道'),
('R0505', 'D10', '港華街'),
('R0506', 'D10', '港墘路'),
('R0507', 'D10', '陽光街'),
('R0508', 'D10', '新明路'),
('R0509', 'D10', '新富街'),
('R0510', 'D10', '新湖一路'),
('R0511', 'D10', '新湖二路'),
('R0512', 'D10', '新湖三路'),
('R0513', 'D10', '新豐街'),
('R0514', 'D10', '瑞光路'),
('R0515', 'D10', '瑞湖街'),
('R0516', 'D10', '碧山路'),
('R0517', 'D10', '潭美街'),
('R0518', 'D10', '環山路'),
('R0519', 'D10', '舊宗路'),
('R0520', 'D10', '麗山街'),
('R0521', 'D11', '力行街'),
('R0522', 'D11', '下樹林街'),
('R0523', 'D11', '士東路'),
('R0524', 'D11', '士商路'),
('R0525', 'D11', '大北路'),
('R0526', 'D11', '大光街'),
('R0527', 'D11', '大西路'),
('R0528', 'D11', '大亨路'),
('R0529', 'D11', '大東路'),
('R0530', 'D11', '大南路'),
('R0531', 'D11', '小北街'),
('R0532', 'D11', '小西街'),
('R0533', 'D11', '小東街'),
('R0534', 'D11', '小南街'),
('R0535', 'D11', '中山北路'),
('R0536', 'D11', '中正路'),
('R0537', 'D11', '中社路'),
('R0538', 'D11', '中庸一路'),
('R0539', 'D11', '中庸二路'),
('R0540', 'D11', '中庸五路'),
('R0541', 'D11', '中華路'),
('R0542', 'D11', '中興街'),
('R0543', 'D11', '仁民路'),
('R0544', 'D11', '天母北路'),
('R0545', 'D11', '天母西路'),
('R0546', 'D11', '天母東路'),
('R0547', 'D11', '天玉街'),
('R0548', 'D11', '文昌路'),
('R0549', 'D11', '文林路'),
('R0550', 'D11', '平菁街'),
('R0551', 'D11', '永公路'),
('R0552', 'D11', '永平街'),
('R0553', 'D11', '仰德大道'),
('R0554', 'D11', '光華路'),
('R0555', 'D11', '安平街'),
('R0556', 'D11', '竹子湖路'),
('R0557', 'D11', '自祥街'),
('R0558', 'D11', '至善路'),
('R0559', 'D11', '至誠路'),
('R0560', 'D11', '克強路'),
('R0561', 'D11', '志成街'),
('R0562', 'D11', '和平路'),
('R0563', 'D11', '和豐街'),
('R0564', 'D11', '幸福街'),
('R0565', 'D11', '延平北路'),
('R0566', 'D11', '忠勇街'),
('R0567', 'D11', '忠義街'),
('R0568', 'D11', '忠誠路'),
('R0569', 'D11', '承德路'),
('R0570', 'D11', '明溪街'),
('R0571', 'D11', '東山路'),
('R0572', 'D11', '社子街'),
('R0573', 'D11', '社中街'),
('R0574', 'D11', '社正路'),
('R0575', 'D11', '芝玉路'),
('R0576', 'D11', '長春街'),
('R0577', 'D11', '雨農路'),
('R0578', 'D11', '雨聲街'),
('R0579', 'D11', '前港街'),
('R0580', 'D11', '前街'),
('R0581', 'D11', '建業路'),
('R0582', 'D11', '後港街'),
('R0583', 'D11', '後街'),
('R0584', 'D11', '故宮路'),
('R0585', 'D11', '美崙街'),
('R0586', 'D11', '美德街'),
('R0587', 'D11', '重慶北路'),
('R0588', 'D11', '倫等街'),
('R0589', 'D11', '格致路'),
('R0590', 'D11', '國泰街'),
('R0591', 'D11', '基河路'),
('R0592', 'D11', '莊頂路'),
('R0593', 'D11', '通河西街'),
('R0594', 'D11', '通河東街'),
('R0595', 'D11', '通河街'),
('R0596', 'D11', '凱旋路'),
('R0597', 'D11', '菁山路'),
('R0598', 'D11', '華光街'),
('R0599', 'D11', '華岡路'),
('R0600', 'D11', '華榮街'),
('R0601', 'D11', '華興街'),
('R0602', 'D11', '華聲街'),
('R0603', 'D11', '華齡街'),
('R0604', 'D11', '貴富街'),
('R0605', 'D11', '陽明路'),
('R0606', 'D11', '愛富一街'),
('R0607', 'D11', '愛富二街'),
('R0608', 'D11', '愛富三街'),
('R0609', 'D11', '新安路'),
('R0610', 'D11', '新園街'),
('R0611', 'D11', '葫東街'),
('R0612', 'D11', '葫蘆街'),
('R0613', 'D11', '福志路'),
('R0614', 'D11', '福林路'),
('R0615', 'D11', '福國路'),
('R0616', 'D11', '福港街'),
('R0617', 'D11', '福華路'),
('R0618', 'D11', '福壽街'),
('R0619', 'D11', '福榮街'),
('R0620', 'D11', '福德路'),
('R0621', 'D11', '翠山街'),
('R0622', 'D11', '劍南路'),
('R0623', 'D11', '劍潭路'),
('R0624', 'D11', '德行西路'),
('R0625', 'D11', '德行東路'),
('R0626', 'D11', '環河北路'),
('R0627', 'D11', '磺溪街'),
('R0628', 'D11', '臨溪路'),
('R0629', 'D11', '雙溪街'),
('R0630', 'D12', '一心路'),
('R0631', 'D12', '一德街'),
('R0632', 'D12', '七星街'),
('R0633', 'D12', '三合街'),
('R0634', 'D12', '大屯路'),
('R0635', 'D12', '大同街'),
('R0636', 'D12', '大度路'),
('R0637', 'D12', '大業路'),
('R0638', 'D12', '大興街'),
('R0639', 'D12', '中山北路'),
('R0640', 'D12', '中山路'),
('R0641', 'D12', '中心街'),
('R0642', 'D12', '中央北路'),
('R0643', 'D12', '中央南路'),
('R0644', 'D12', '中正街'),
('R0645', 'D12', '中和街'),
('R0646', 'D12', '中華街'),
('R0647', 'D12', '中興路'),
('R0648', 'D12', '公舘路'),
('R0649', 'D12', '天母北路'),
('R0650', 'D12', '天母西路'),
('R0651', 'D12', '文化三路'),
('R0652', 'D12', '文林北路'),
('R0653', 'D12', '北投路'),
('R0654', 'D12', '民族街'),
('R0655', 'D12', '民權街'),
('R0656', 'D12', '永興路'),
('R0657', 'D12', '石仙路'),
('R0658', 'D12', '石牌路'),
('R0659', 'D12', '立功街'),
('R0660', 'D12', '立農街'),
('R0661', 'D12', '立德路'),
('R0662', 'D12', '立賢路'),
('R0663', 'D12', '光明路'),
('R0664', 'D12', '吉利街'),
('R0665', 'D12', '同德街'),
('R0666', 'D12', '竹子湖路'),
('R0667', 'D12', '自強街'),
('R0668', 'D12', '行義路'),
('R0669', 'D12', '西安街'),
('R0670', 'D12', '西園街'),
('R0671', 'D12', '杏林一路'),
('R0672', 'D12', '杏林二路'),
('R0673', 'D12', '杏林三路'),
('R0674', 'D12', '秀山路'),
('R0675', 'D12', '育仁路'),
('R0676', 'D12', '奇岩路'),
('R0677', 'D12', '奉賢路'),
('R0678', 'D12', '宜山路'),
('R0679', 'D12', '承德路'),
('R0680', 'D12', '明德路'),
('R0681', 'D12', '東昇路'),
('R0682', 'D12', '東華街'),
('R0683', 'D12', '東陽街'),
('R0684', 'D12', '知行路'),
('R0685', 'D12', '長壽路'),
('R0686', 'D12', '幽雅路'),
('R0687', 'D12', '建民路'),
('R0688', 'D12', '建國街'),
('R0689', 'D12', '泉源路'),
('R0690', 'D12', '洲美街'),
('R0691', 'D12', '致遠一路'),
('R0692', 'D12', '致遠二路'),
('R0693', 'D12', '致遠三路'),
('R0694', 'D12', '重三路'),
('R0695', 'D12', '振華街'),
('R0696', 'D12', '振興街'),
('R0697', 'D12', '珠海路'),
('R0698', 'D12', '紗帽路'),
('R0699', 'D12', '崇仁路'),
('R0700', 'D12', '崇仰一路'),
('R0701', 'D12', '崇仰七路'),
('R0702', 'D12', '崇仰九路'),
('R0703', 'D12', '崇仰二路'),
('R0704', 'D12', '崇仰三路'),
('R0705', 'D12', '崇仰五路'),
('R0706', 'D12', '崇仰六路'),
('R0707', 'D12', '崗山路'),
('R0708', 'D12', '清江路'),
('R0709', 'D12', '勝利街'),
('R0710', 'D12', '富貴一路'),
('R0711', 'D12', '尊賢街'),
('R0712', 'D12', '復興一路'),
('R0713', 'D12', '復興二路'),
('R0714', 'D12', '復興三路'),
('R0715', 'D12', '復興四路'),
('R0716', 'D12', '湖山路'),
('R0717', 'D12', '湖底路'),
('R0718', 'D12', '登山路'),
('R0719', 'D12', '進賢路'),
('R0720', 'D12', '開明街'),
('R0721', 'D12', '陽明路'),
('R0722', 'D12', '新市街'),
('R0723', 'D12', '新民路'),
('R0724', 'D12', '新生街'),
('R0725', 'D12', '新興路'),
('R0726', 'D12', '溫泉路'),
('R0727', 'D12', '義方街'),
('R0728', 'D12', '義理街'),
('R0729', 'D12', '聖景路'),
('R0730', 'D12', '裕民一路'),
('R0731', 'D12', '裕民二路'),
('R0732', 'D12', '裕民三路'),
('R0733', 'D12', '裕民六路'),
('R0734', 'D12', '裕民四路'),
('R0735', 'D12', '實踐街'),
('R0736', 'D12', '榮華一路'),
('R0737', 'D12', '榮華二路'),
('R0738', 'D12', '榮華三路'),
('R0739', 'D12', '福美路'),
('R0740', 'D12', '翠宜路'),
('R0741', 'D12', '翠華街'),
('R0742', 'D12', '翠雲街'),
('R0743', 'D12', '翠嶺路'),
('R0744', 'D12', '稻香路'),
('R0745', 'D12', '學園路'),
('R0746', 'D12', '樹林路'),
('R0747', 'D12', '磺港路'),
('R0748', 'D12', '隱潭路'),
('R0749', 'D12', '豐年路'),
('R0750', 'D12', '雙全街'),
('R0751', 'D12', '懷德街'),
('R0752', 'D12', '關渡路'),
('R0753', 'D13', '三民路'),
('R0754', 'D13', '大仁街'),
('R0755', 'D13', '大同街'),
('R0756', 'D13', '大明街'),
('R0757', 'D13', '大東街'),
('R0758', 'D13', '大勇街'),
('R0759', 'D13', '大智街'),
('R0760', 'D13', '大華街'),
('R0761', 'D13', '大漢街'),
('R0762', 'D13', '大豐街'),
('R0763', 'D13', '大觀路'),
('R0764', 'D13', '干城路'),
('R0765', 'D13', '中山路'),
('R0766', 'D13', '中正路'),
('R0767', 'D13', '中興路'),
('R0768', 'D13', '互助街'),
('R0769', 'D13', '五權街'),
('R0770', 'D13', '仁化街'),
('R0771', 'D13', '仁愛路'),
('R0772', 'D13', '介壽街'),
('R0773', 'D13', '公園街'),
('R0774', 'D13', '公館街'),
('R0775', 'D13', '太和街'),
('R0776', 'D13', '文化路'),
('R0777', 'D13', '文昌街'),
('R0778', 'D13', '文華街'),
('R0779', 'D13', '文新路'),
('R0780', 'D13', '文聖街'),
('R0781', 'D13', '文德路'),
('R0782', 'D13', '北門街'),
('R0783', 'D13', '四川路'),
('R0784', 'D13', '四維路'),
('R0785', 'D13', '正義街'),
('R0786', 'D13', '民生路'),
('R0787', 'D13', '民安街'),
('R0788', 'D13', '民有街'),
('R0789', 'D13', '民享街'),
('R0790', 'D13', '民治街'),
('R0791', 'D13', '民族路'),
('R0792', 'D13', '民權路'),
('R0793', 'D13', '永翠路'),
('R0794', 'D13', '永豐街'),
('R0795', 'D13', '田單街'),
('R0796', 'D13', '光正街'),
('R0797', 'D13', '光武街'),
('R0798', 'D13', '光復街'),
('R0799', 'D13', '光華街'),
('R0800', 'D13', '光環路'),
('R0801', 'D13', '合安一路'),
('R0802', 'D13', '合宜一路'),
('R0803', 'D13', '合宜路'),
('R0804', 'D13', '存德街'),
('R0805', 'D13', '成功路'),
('R0806', 'D13', '成都街'),
('R0807', 'D13', '江寧路'),
('R0808', 'D13', '自由路'),
('R0809', 'D13', '自強新村'),
('R0810', 'D13', '西門街'),
('R0811', 'D13', '吳鳳路'),
('R0812', 'D13', '宏國路'),
('R0813', 'D13', '沙崙街'),
('R0814', 'D13', '和平路'),
('R0815', 'D13', '幸福路'),
('R0816', 'D13', '府中路'),
('R0817', 'D13', '府後街'),
('R0818', 'D13', '忠孝路'),
('R0819', 'D13', '明德街'),
('R0820', 'D13', '東門街'),
('R0821', 'D13', '東興街'),
('R0822', 'D13', '松江街'),
('R0823', 'D13', '松柏街'),
('R0824', 'D13', '板林路'),
('R0825', 'D13', '板城路'),
('R0826', 'D13', '板新路'),
('R0827', 'D13', '林森街'),
('R0828', 'D13', '林園街'),
('R0829', 'D13', '金門街'),
('R0830', 'D13', '金華街'),
('R0831', 'D13', '長安街'),
('R0832', 'D13', '長江路'),
('R0833', 'D13', '長壽街'),
('R0834', 'D13', '雨農路'),
('R0835', 'D13', '信義路'),
('R0836', 'D13', '南門街'),
('R0837', 'D13', '南雅西路'),
('R0838', 'D13', '南雅東路'),
('R0839', 'D13', '南雅南路'),
('R0840', 'D13', '南興路'),
('R0841', 'D13', '建國街'),
('R0842', 'D13', '後埔街'),
('R0843', 'D13', '後菜園街'),
('R0844', 'D13', '英士路'),
('R0845', 'D13', '重慶路'),
('R0846', 'D13', '香社一路'),
('R0847', 'D13', '倉後街'),
('R0848', 'D13', '宮口街'),
('R0849', 'D13', '校前街'),
('R0850', 'D13', '海山路'),
('R0851', 'D13', '站前路'),
('R0852', 'D13', '茶館街'),
('R0853', 'D13', '高爾富路'),
('R0854', 'D13', '區運路'),
('R0855', 'D13', '國光路'),
('R0856', 'D13', '國泰街'),
('R0857', 'D13', '國慶路'),
('R0858', 'D13', '莊崑路'),
('R0859', 'D13', '莊敬路'),
('R0860', 'D13', '莒光路'),
('R0861', 'D13', '博愛街'),
('R0862', 'D13', '富山街'),
('R0863', 'D13', '復興街'),
('R0864', 'D13', '景福路'),
('R0865', 'D13', '智樂路'),
('R0866', 'D13', '華江一路'),
('R0867', 'D13', '華江九路'),
('R0868', 'D13', '華江八路'),
('R0869', 'D13', '華江三路'),
('R0870', 'D13', '華東街'),
('R0871', 'D13', '華福街'),
('R0872', 'D13', '華興街'),
('R0873', 'D13', '貴興路'),
('R0874', 'D13', '陽明街'),
('R0875', 'D13', '新民街'),
('R0876', 'D13', '新生街'),
('R0877', 'D13', '新府路'),
('R0878', 'D13', '新海路'),
('R0879', 'D13', '新站路'),
('R0880', 'D13', '新崑路'),
('R0881', 'D13', '新興路'),
('R0882', 'D13', '溪北路'),
('R0883', 'D13', '溪城路'),
('R0884', 'D13', '溪崑一街'),
('R0885', 'D13', '溪崑二街'),
('R0886', 'D13', '溪頭街'),
('R0887', 'D13', '瑞安街'),
('R0888', 'D13', '稚暉街'),
('R0889', 'D13', '萬安街'),
('R0890', 'D13', '萬板路'),
('R0891', 'D13', '裕民街'),
('R0892', 'D13', '僑中一街'),
('R0893', 'D13', '僑中二街'),
('R0894', 'D13', '僑中三街'),
('R0895', 'D13', '實踐路'),
('R0896', 'D13', '滿平二街'),
('R0897', 'D13', '滿平街'),
('R0898', 'D13', '漢生西路'),
('R0899', 'D13', '漢生東路'),
('R0900', 'D13', '福德街'),
('R0901', 'D13', '綠堤街'),
('R0902', 'D13', '翠華街'),
('R0903', 'D13', '遠東路'),
('R0904', 'D13', '銘傳街'),
('R0905', 'D13', '廣和街'),
('R0906', 'D13', '廣權路'),
('R0907', 'D13', '德興街'),
('R0908', 'D13', '樂群路'),
('R0909', 'D13', '篤行路'),
('R0910', 'D13', '縣民大道'),
('R0911', 'D13', '館前西路'),
('R0912', 'D13', '館前東路'),
('R0913', 'D13', '龍泉街'),
('R0914', 'D13', '龍興街'),
('R0915', 'D13', '環河西路'),
('R0916', 'D13', '環漢路'),
('R0917', 'D13', '雙十路'),
('R0918', 'D13', '懷仁街'),
('R0919', 'D13', '懷德街'),
('R0920', 'D13', '藝文二街'),
('R0921', 'D13', '藝文街'),
('R0922', 'D13', '觀光街'),
('R0923', 'D14', '力行路'),
('R0924', 'D14', '三民街'),
('R0925', 'D14', '三光街'),
('R0926', 'D14', '三和路'),
('R0927', 'D14', '三信路'),
('R0928', 'D14', '三張街'),
('R0929', 'D14', '三陽路'),
('R0930', 'D14', '三寧街'),
('R0931', 'D14', '三德街'),
('R0932', 'D14', '三賢街'),
('R0933', 'D14', '下竹圍街'),
('R0934', 'D14', '大仁街'),
('R0935', 'D14', '大同北路'),
('R0936', 'D14', '大同南路'),
('R0937', 'D14', '大有街'),
('R0938', 'D14', '大勇街'),
('R0939', 'D14', '大智街'),
('R0940', 'D14', '大榮街'),
('R0941', 'D14', '中央北路'),
('R0942', 'D14', '中央南路'),
('R0943', 'D14', '中正北路'),
('R0944', 'D14', '中正南路'),
('R0945', 'D14', '中華路'),
('R0946', 'D14', '中寮街'),
('R0947', 'D14', '中興北街'),
('R0948', 'D14', '中興南街'),
('R0949', 'D14', '五谷王北街'),
('R0950', 'D14', '五谷王南街'),
('R0951', 'D14', '五華街'),
('R0952', 'D14', '五福街'),
('R0953', 'D14', '仁化街'),
('R0954', 'D14', '仁安街'),
('R0955', 'D14', '仁孝街'),
('R0956', 'D14', '仁和街'),
('R0957', 'D14', '仁忠街'),
('R0958', 'D14', '仁昌街'),
('R0959', 'D14', '仁信街'),
('R0960', 'D14', '仁勇街'),
('R0961', 'D14', '仁厚街'),
('R0962', 'D14', '仁政街'),
('R0963', 'D14', '仁美街'),
('R0964', 'D14', '仁華街'),
('R0965', 'D14', '仁愛街'),
('R0966', 'D14', '仁慈街'),
('R0967', 'D14', '仁義街'),
('R0968', 'D14', '仁壽街'),
('R0969', 'D14', '仁福街'),
('R0970', 'D14', '仁賢街'),
('R0971', 'D14', '仁興街'),
('R0972', 'D14', '介壽路'),
('R0973', 'D14', '元信一街'),
('R0974', 'D14', '公園街'),
('R0975', 'D14', '六張街'),
('R0976', 'D14', '分子尾街'),
('R0977', 'D14', '文化北路'),
('R0978', 'D14', '文化南路'),
('R0979', 'D14', '平安街'),
('R0980', 'D14', '正義北路'),
('R0981', 'D14', '正義南路'),
('R0982', 'D14', '正德街'),
('R0983', 'D14', '民生東街'),
('R0984', 'D14', '民生街'),
('R0985', 'D14', '民族街'),
('R0986', 'D14', '永安北路'),
('R0987', 'D14', '永春街'),
('R0988', 'D14', '永福街'),
('R0989', 'D14', '永德街'),
('R0990', 'D14', '光明路'),
('R0991', 'D14', '光復路'),
('R0992', 'D14', '光華路'),
('R0993', 'D14', '光陽街'),
('R0994', 'D14', '光興街'),
('R0995', 'D14', '吉祥街'),
('R0996', 'D14', '同安東街'),
('R0997', 'D14', '同安街'),
('R0998', 'D14', '名源街'),
('R0999', 'D14', '如意街'),
('R1000', 'D14', '安和路'),
('R1001', 'D14', '安慶街'),
('R1002', 'D14', '安樂街'),
('R1003', 'D14', '安興街'),
('R1004', 'D14', '成功一街'),
('R1005', 'D14', '成功路'),
('R1006', 'D14', '竹圍仔街'),
('R1007', 'D14', '自由街'),
('R1008', 'D14', '自強路'),
('R1009', 'D14', '秀江街'),
('R1010', 'D14', '車路頭街'),
('R1011', 'D14', '和平街'),
('R1012', 'D14', '忠孝路'),
('R1013', 'D14', '昌隆街'),
('R1014', 'D14', '明志街'),
('R1015', 'D14', '明德街'),
('R1016', 'D14', '河邊北街'),
('R1017', 'D14', '金華街'),
('R1018', 'D14', '長元西街'),
('R1019', 'D14', '長元街'),
('R1020', 'D14', '長生街'),
('R1021', 'D14', '長安街'),
('R1022', 'D14', '長春街'),
('R1023', 'D14', '長壽西街'),
('R1024', 'D14', '長壽街'),
('R1025', 'D14', '長榮路'),
('R1026', 'D14', '長樂街'),
('R1027', 'D14', '長興街'),
('R1028', 'D14', '信義西街'),
('R1029', 'D14', '信義街'),
('R1030', 'D14', '信賢街'),
('R1031', 'D14', '後竹圍街'),
('R1032', 'D14', '後埔街'),
('R1033', 'D14', '泉州街'),
('R1034', 'D14', '洛陽街'),
('R1035', 'D14', '重化街'),
('R1036', 'D14', '重光街'),
('R1037', 'D14', '重安街'),
('R1038', 'D14', '重陽路'),
('R1039', 'D14', '重新路'),
('R1040', 'D14', '神農街'),
('R1041', 'D14', '國隆路'),
('R1042', 'D14', '國道路'),
('R1043', 'D14', '捷運路'),
('R1044', 'D14', '疏洪十六路'),
('R1045', 'D14', '疏洪西路'),
('R1046', 'D14', '疏洪東路'),
('R1047', 'D14', '通華街'),
('R1048', 'D14', '頂崁街'),
('R1049', 'D14', '富華街'),
('R1050', 'D14', '富貴街'),
('R1051', 'D14', '富福街'),
('R1052', 'D14', '朝陽街'),
('R1053', 'D14', '貴陽街'),
('R1054', 'D14', '進安街'),
('R1055', 'D14', '開元街'),
('R1056', 'D14', '集仁街'),
('R1057', 'D14', '集成路'),
('R1058', 'D14', '集勇街'),
('R1059', 'D14', '集美街'),
('R1060', 'D14', '集英路'),
('R1061', 'D14', '集智街'),
('R1062', 'D14', '集賢路'),
('R1063', 'D14', '慈愛街'),
('R1064', 'D14', '新北大道'),
('R1065', 'D14', '新生街'),
('R1066', 'D14', '新興路'),
('R1067', 'D14', '溪尾街'),
('R1068', 'D14', '萬全街'),
('R1069', 'D14', '萬壽街'),
('R1070', 'D14', '過圳街'),
('R1071', 'D14', '電信街'),
('R1072', 'D14', '碧華街'),
('R1073', 'D14', '福和街'),
('R1074', 'D14', '福祉街'),
('R1075', 'D14', '福華街'),
('R1076', 'D14', '福隆路'),
('R1077', 'D14', '福裕街'),
('R1078', 'D14', '福德北路'),
('R1079', 'D14', '福德南路'),
('R1080', 'D14', '穀保街'),
('R1081', 'D14', '興華街'),
('R1082', 'D14', '興德路'),
('R1083', 'D14', '錦通街'),
('R1084', 'D14', '龍門路'),
('R1085', 'D14', '龍濱路'),
('R1086', 'D14', '環河北路'),
('R1087', 'D14', '環河南路'),
('R1088', 'D14', '環漢路'),
('R1089', 'D14', '聯華街'),
('R1090', 'D14', '雙園街'),
('R1091', 'D15', '大仁街'),
('R1092', 'D15', '大勇街'),
('R1093', 'D15', '大智街'),
('R1094', 'D15', '工專路'),
('R1095', 'D15', '中山路'),
('R1096', 'D15', '中正路'),
('R1097', 'D15', '中安街'),
('R1098', 'D15', '中和路'),
('R1099', 'D15', '中板路'),
('R1100', 'D15', '中原二街'),
('R1101', 'D15', '中原三街'),
('R1102', 'D15', '中原五街'),
('R1103', 'D15', '中原六街'),
('R1104', 'D15', '中原東街'),
('R1105', 'D15', '中原街'),
('R1106', 'D15', '中興街'),
('R1107', 'D15', '仁愛街'),
('R1108', 'D15', '水源路'),
('R1109', 'D15', '台新街'),
('R1110', 'D15', '四維街'),
('R1111', 'D15', '民生街'),
('R1112', 'D15', '民安街'),
('R1113', 'D15', '民有街'),
('R1114', 'D15', '民利街'),
('R1115', 'D15', '民享街'),
('R1116', 'D15', '民治街'),
('R1117', 'D15', '民富街'),
('R1118', 'D15', '民德路'),
('R1119', 'D15', '民樂路'),
('R1120', 'D15', '永和路'),
('R1121', 'D15', '永貞路'),
('R1122', 'D15', '立人街'),
('R1123', 'D15', '立言街'),
('R1124', 'D15', '立業路'),
('R1125', 'D15', '立德街'),
('R1126', 'D15', '光中路'),
('R1127', 'D15', '光華街'),
('R1128', 'D15', '光環路'),
('R1129', 'D15', '安平路'),
('R1130', 'D15', '安邦街'),
('R1131', 'D15', '安和路'),
('R1132', 'D15', '安樂路'),
('R1133', 'D15', '成功路'),
('R1134', 'D15', '自立路'),
('R1135', 'D15', '自治街'),
('R1136', 'D15', '自強路'),
('R1137', 'D15', '更生街'),
('R1138', 'D15', '秀峰街'),
('R1139', 'D15', '秀朗路'),
('R1140', 'D15', '和平街'),
('R1141', 'D15', '和平路'),
('R1142', 'D15', '和城路'),
('R1143', 'D15', '宜安路'),
('R1144', 'D15', '忠孝街'),
('R1145', 'D15', '明仁街'),
('R1146', 'D15', '明義街'),
('R1147', 'D15', '明禮街'),
('R1148', 'D15', '板南路'),
('R1149', 'D15', '枋寮街'),
('R1150', 'D15', '保平路'),
('R1151', 'D15', '保健路'),
('R1152', 'D15', '信義街'),
('R1153', 'D15', '南山路'),
('R1154', 'D15', '南工路'),
('R1155', 'D15', '南華路'),
('R1156', 'D15', '建一路'),
('R1157', 'D15', '建二路'),
('R1158', 'D15', '建八路'),
('R1159', 'D15', '建三路'),
('R1160', 'D15', '建六路'),
('R1161', 'D15', '建康路'),
('R1162', 'D15', '員山路'),
('R1163', 'D15', '泰和街'),
('R1164', 'D15', '國光街'),
('R1165', 'D15', '捷運路'),
('R1166', 'D15', '莊敬路'),
('R1167', 'D15', '莒光路'),
('R1168', 'D15', '連城路'),
('R1169', 'D15', '連勝街'),
('R1170', 'D15', '勝利路'),
('R1171', 'D15', '復興路'),
('R1172', 'D15', '景平路'),
('R1173', 'D15', '景安路'),
('R1174', 'D15', '景新街'),
('R1175', 'D15', '景德街'),
('R1176', 'D15', '華安街'),
('R1177', 'D15', '華順街'),
('R1178', 'D15', '華新街'),
('R1179', 'D15', '華福街'),
('R1180', 'D15', '圓通路'),
('R1181', 'D15', '新民街'),
('R1182', 'D15', '新生街'),
('R1183', 'D15', '新福和街'),
('R1184', 'D15', '新興街'),
('R1185', 'D15', '壽德街'),
('R1186', 'D15', '漢生東路'),
('R1187', 'D15', '福美路'),
('R1188', 'D15', '福祥路'),
('R1189', 'D15', '廟美街'),
('R1190', 'D15', '廣福路'),
('R1191', 'D15', '德光路'),
('R1192', 'D15', '橋安街'),
('R1193', 'D15', '橋和路'),
('R1194', 'D15', '興南路'),
('R1195', 'D15', '錦和路'),
('R1196', 'D15', '環中路'),
('R1197', 'D15', '環河西路'),
('R1198', 'D16', '大新街'),
('R1199', 'D16', '中山路'),
('R1200', 'D16', '中正路'),
('R1201', 'D16', '中和路'),
('R1202', 'D16', '中興街'),
('R1203', 'D16', '仁愛路'),
('R1204', 'D16', '文化路'),
('R1205', 'D16', '水源街'),
('R1206', 'D16', '四維街'),
('R1207', 'D16', '民生路'),
('R1208', 'D16', '民光街'),
('R1209', 'D16', '民有街'),
('R1210', 'D16', '民享街'),
('R1211', 'D16', '民治街'),
('R1212', 'D16', '民族街'),
('R1213', 'D16', '民樂街'),
('R1214', 'D16', '民權路'),
('R1215', 'D16', '永元路'),
('R1216', 'D16', '永平路'),
('R1217', 'D16', '永安街'),
('R1218', 'D16', '永亨路'),
('R1219', 'D16', '永利路'),
('R1220', 'D16', '永和路'),
('R1221', 'D16', '永貞路'),
('R1222', 'D16', '永寧街'),
('R1223', 'D16', '光復街'),
('R1224', 'D16', '安樂路'),
('R1225', 'D16', '成功路'),
('R1226', 'D16', '竹林路'),
('R1227', 'D16', '自由街'),
('R1228', 'D16', '自強街'),
('R1229', 'D16', '秀安街'),
('R1230', 'D16', '秀朗路'),
('R1231', 'D16', '和平街'),
('R1232', 'D16', '忠孝街'),
('R1233', 'D16', '林森路'),
('R1234', 'D16', '保平路'),
('R1235', 'D16', '保生路'),
('R1236', 'D16', '保安路'),
('R1237', 'D16', '保順路'),
('R1238', 'D16', '保福路'),
('R1239', 'D16', '保慶街'),
('R1240', 'D16', '信義路'),
('R1241', 'D16', '厚德街'),
('R1242', 'D16', '國中路'),
('R1243', 'D16', '國光路'),
('R1244', 'D16', '得和路'),
('R1245', 'D16', '博愛街'),
('R1246', 'D16', '復興街'),
('R1247', 'D16', '智光街'),
('R1248', 'D16', '新生路'),
('R1249', 'D16', '福和路'),
('R1250', 'D16', '豫溪街'),
('R1251', 'D16', '勵行街'),
('R1252', 'D16', '環河西路'),
('R1253', 'D16', '環河東路'),
('R1254', 'D16', '雙和街'),
('R1255', 'D16', '警光街'),
('R1256', 'D17', '八德街'),
('R1257', 'D17', '三和路'),
('R1258', 'D17', '三泰路'),
('R1259', 'D17', '大安路'),
('R1260', 'D17', '大觀街'),
('R1261', 'D17', '中央路'),
('R1262', 'D17', '中平路'),
('R1263', 'D17', '中正路'),
('R1264', 'D17', '中安街'),
('R1265', 'D17', '中和街'),
('R1266', 'D17', '中信街'),
('R1267', 'D17', '中原東路'),
('R1268', 'D17', '中原路'),
('R1269', 'D17', '中泰街'),
('R1270', 'D17', '中富街'),
('R1271', 'D17', '中智街'),
('R1272', 'D17', '中港一街'),
('R1273', 'D17', '中港二街'),
('R1274', 'D17', '中港三街'),
('R1275', 'D17', '中港路'),
('R1276', 'D17', '中華路'),
('R1277', 'D17', '中義街'),
('R1278', 'D17', '中誠街'),
('R1279', 'D17', '中榮街'),
('R1280', 'D17', '中德路'),
('R1281', 'D17', '中興街'),
('R1282', 'D17', '中環路'),
('R1283', 'D17', '丹鳳街'),
('R1284', 'D17', '五工一路'),
('R1285', 'D17', '五工二路'),
('R1286', 'D17', '五工三路'),
('R1287', 'D17', '五工五路'),
('R1288', 'D17', '五工六路'),
('R1289', 'D17', '五工路'),
('R1290', 'D17', '五權一路'),
('R1291', 'D17', '五權二路'),
('R1292', 'D17', '五權三路'),
('R1293', 'D17', '仁愛街'),
('R1294', 'D17', '公園一路'),
('R1295', 'D17', '公園路'),
('R1296', 'D17', '化成路'),
('R1297', 'D17', '天泉一街'),
('R1298', 'D17', '天泉二街'),
('R1299', 'D17', '天泉街'),
('R1300', 'D17', '天祥街'),
('R1301', 'D17', '文藝路'),
('R1302', 'D17', '四維路'),
('R1303', 'D17', '民本街'),
('R1304', 'D17', '民生街'),
('R1305', 'D17', '民全街'),
('R1306', 'D17', '民安西路'),
('R1307', 'D17', '民安東路'),
('R1308', 'D17', '民安路'),
('R1309', 'D17', '民樂街'),
('R1310', 'D17', '永安街'),
('R1311', 'D17', '永寧街'),
('R1312', 'D17', '永樂街'),
('R1313', 'D17', '立信一街'),
('R1314', 'D17', '立信三街'),
('R1315', 'D17', '立信五街'),
('R1316', 'D17', '光華街'),
('R1317', 'D17', '成功街'),
('R1318', 'D17', '成德街'),
('R1319', 'D17', '自由街'),
('R1320', 'D17', '自立街'),
('R1321', 'D17', '自治街'),
('R1322', 'D17', '自信街'),
('R1323', 'D17', '自重街'),
('R1324', 'D17', '自強街'),
('R1325', 'D17', '西盛街'),
('R1326', 'D17', '利濟街'),
('R1327', 'D17', '和興街'),
('R1328', 'D17', '幸福東路'),
('R1329', 'D17', '幸福路'),
('R1330', 'D17', '忠孝街'),
('R1331', 'D17', '昌平街'),
('R1332', 'D17', '昌和街'),
('R1333', 'D17', '昌明街'),
('R1334', 'D17', '昌盛街'),
('R1335', 'D17', '昌智路'),
('R1336', 'D17', '昌隆街'),
('R1337', 'D17', '昌德街'),
('R1338', 'D17', '昌學街'),
('R1339', 'D17', '明中街'),
('R1340', 'D17', '明志路'),
('R1341', 'D17', '明智街'),
('R1342', 'D17', '武前街'),
('R1343', 'D17', '長青街'),
('R1344', 'D17', '青山路'),
('R1345', 'D17', '保安街'),
('R1346', 'D17', '信華六街'),
('R1347', 'D17', '建中街'),
('R1348', 'D17', '建安街'),
('R1349', 'D17', '建國一路'),
('R1350', 'D17', '建國二路'),
('R1351', 'D17', '建福路'),
('R1352', 'D17', '建興街'),
('R1353', 'D17', '建豐街'),
('R1354', 'D17', '後港一路'),
('R1355', 'D17', '後港二路'),
('R1356', 'D17', '思明街'),
('R1357', 'D17', '思源路'),
('R1358', 'D17', '泰安街'),
('R1359', 'D17', '泰順街'),
('R1360', 'D17', '泰豐街'),
('R1361', 'D17', '莊崑路'),
('R1362', 'D17', '博愛路'),
('R1363', 'D17', '富國路'),
('R1364', 'D17', '富貴路'),
('R1365', 'D17', '復興路'),
('R1366', 'D17', '景德路'),
('R1367', 'D17', '華興街'),
('R1368', 'D17', '新中街'),
('R1369', 'D17', '新北大道'),
('R1370', 'D17', '新央街'),
('R1371', 'D17', '新知十路'),
('R1372', 'D17', '新知五路'),
('R1373', 'D17', '新泰路'),
('R1374', 'D17', '新崑路'),
('R1375', 'D17', '新莊路'),
('R1376', 'D17', '新樹路'),
('R1377', 'D17', '新興街'),
('R1378', 'D17', '新豐街'),
('R1379', 'D17', '義豐街'),
('R1380', 'D17', '萬安街'),
('R1381', 'D17', '萬壽路'),
('R1382', 'D17', '裕民街'),
('R1383', 'D17', '壽山路'),
('R1384', 'D17', '榮華路'),
('R1385', 'D17', '碧江街'),
('R1386', 'D17', '福前街'),
('R1387', 'D17', '福美街'),
('R1388', 'D17', '福海街'),
('R1389', 'D17', '福壽街'),
('R1390', 'D17', '福德一街'),
('R1391', 'D17', '福德二街'),
('R1392', 'D17', '福德三街'),
('R1393', 'D17', '福慧路'),
('R1394', 'D17', '福樂街'),
('R1395', 'D17', '福營路'),
('R1396', 'D17', '銘德街'),
('R1397', 'D17', '鳳山街'),
('R1398', 'D17', '德豐街'),
('R1399', 'D17', '樹新路'),
('R1400', 'D17', '頭成街'),
('R1401', 'D17', '頭前路'),
('R1402', 'D17', '頭興街'),
('R1403', 'D17', '龍安路'),
('R1404', 'D17', '環漢路'),
('R1405', 'D17', '豐年街'),
('R1406', 'D17', '豐盛一街'),
('R1407', 'D17', '豐盛二街'),
('R1408', 'D17', '雙鳳里'),
('R1409', 'D17', '雙鳳路'),
('R1410', 'D17', '瓊林北路'),
('R1411', 'D17', '瓊林南路'),
('R1412', 'D17', '瓊林路'),
('R1413', 'D17', '瓊泰路'),
('R1414', 'D17', '麗水街'),
('R1415', 'D18', '二十張路'),
('R1416', 'D18', '力行路'),
('R1417', 'D18', '三民路'),
('R1418', 'D18', '下石厝路'),
('R1419', 'D18', '大同街'),
('R1420', 'D18', '大新街'),
('R1421', 'D18', '大榮路'),
('R1422', 'D18', '大學街'),
('R1423', 'D18', '大豐路'),
('R1424', 'D18', '小坑一路'),
('R1425', 'D18', '小坑二路'),
('R1426', 'D18', '小坑三路'),
('R1427', 'D18', '中山路'),
('R1428', 'D18', '中央一街'),
('R1429', 'D18', '中央七街'),
('R1430', 'D18', '中央二街'),
('R1431', 'D18', '中央八街'),
('R1432', 'D18', '中央三街'),
('R1433', 'D18', '中央五街'),
('R1434', 'D18', '中央六街'),
('R1435', 'D18', '中央四街'),
('R1436', 'D18', '中央路'),
('R1437', 'D18', '中正路'),
('R1438', 'D18', '中生路'),
('R1439', 'D18', '中華路'),
('R1440', 'D18', '中興路'),
('R1441', 'D18', '五峯路'),
('R1442', 'D18', '太平路'),
('R1443', 'D18', '文中路'),
('R1444', 'D18', '文化路'),
('R1445', 'D18', '北宜路'),
('R1446', 'D18', '北新路'),
('R1447', 'D18', '央北二路'),
('R1448', 'D18', '平等街'),
('R1449', 'D18', '平廣路'),
('R1450', 'D18', '民生路'),
('R1451', 'D18', '民族路'),
('R1452', 'D18', '民權路'),
('R1453', 'D18', '永平街'),
('R1454', 'D18', '永安街'),
('R1455', 'D18', '永華街'),
('R1456', 'D18', '永新街'),
('R1457', 'D18', '永業路'),
('R1458', 'D18', '永福路'),
('R1459', 'D18', '永興路'),
('R1460', 'D18', '玉山路'),
('R1461', 'D18', '禾和一街'),
('R1462', 'D18', '禾豐一路'),
('R1463', 'D18', '禾豐七路'),
('R1464', 'D18', '禾豐九路'),
('R1465', 'D18', '禾豐二路'),
('R1466', 'D18', '禾豐十一路'),
('R1467', 'D18', '禾豐三路'),
('R1468', 'D18', '禾豐五路'),
('R1469', 'D18', '禾豐六路'),
('R1470', 'D18', '光明街'),
('R1471', 'D18', '光華街'),
('R1472', 'D18', '合作路'),
('R1473', 'D18', '吉安街'),
('R1474', 'D18', '吉祥街'),
('R1475', 'D18', '如意街'),
('R1476', 'D18', '安一路'),
('R1477', 'D18', '安平路'),
('R1478', 'D18', '安民街'),
('R1479', 'D18', '安光路'),
('R1480', 'D18', '安成街'),
('R1481', 'D18', '安利街'),
('R1482', 'D18', '安和路'),
('R1483', 'D18', '安忠路'),
('R1484', 'D18', '安泰路'),
('R1485', 'D18', '安康路'),
('R1486', 'D18', '安祥路'),
('R1487', 'D18', '安華路'),
('R1488', 'D18', '安業街'),
('R1489', 'D18', '安德街'),
('R1490', 'D18', '安樂街'),
('R1491', 'D18', '安興路'),
('R1492', 'D18', '安豐路'),
('R1493', 'D18', '成功路'),
('R1494', 'D18', '百忍街'),
('R1495', 'D18', '百齡一路'),
('R1496', 'D18', '百齡二路'),
('R1497', 'D18', '竹林路'),
('R1498', 'D18', '自由街'),
('R1499', 'D18', '自立街'),
('R1500', 'D18', '自強路'),
('R1501', 'D18', '行政街'),
('R1502', 'D18', '秀山路'),
('R1503', 'D18', '秀水路'),
('R1504', 'D18', '秀岡二街'),
('R1505', 'D18', '秀岡三街'),
('R1506', 'D18', '秀岡五街'),
('R1507', 'D18', '秀岡六街'),
('R1508', 'D18', '秀峯路'),
('R1509', 'D18', '車子路'),
('R1510', 'D18', '和成街'),
('R1511', 'D18', '屈尺路'),
('R1512', 'D18', '明山路'),
('R1513', 'D18', '明德路'),
('R1514', 'D18', '松林路'),
('R1515', 'D18', '玫瑰路'),
('R1516', 'D18', '直潭一街'),
('R1517', 'D18', '直潭七街'),
('R1518', 'D18', '直潭九街'),
('R1519', 'D18', '直潭二街'),
('R1520', 'D18', '直潭八街'),
('R1521', 'D18', '直潭十街'),
('R1522', 'D18', '直潭三街'),
('R1523', 'D18', '直潭五街'),
('R1524', 'D18', '直潭六街'),
('R1525', 'D18', '直潭四街'),
('R1526', 'D18', '直潭路'),
('R1527', 'D18', '花園一路'),
('R1528', 'D18', '花園七路'),
('R1529', 'D18', '花園二路'),
('R1530', 'D18', '花園十二路'),
('R1531', 'D18', '花園十路'),
('R1532', 'D18', '花園五路'),
('R1533', 'D18', '花園六路'),
('R1534', 'D18', '金興路'),
('R1535', 'D18', '長春路'),
('R1536', 'D18', '長峯路'),
('R1537', 'D18', '長興路'),
('R1538', 'D18', '青山路'),
('R1539', 'D18', '青峯路'),
('R1540', 'D18', '建安街'),
('R1541', 'D18', '建國路'),
('R1542', 'D18', '建業路'),
('R1543', 'D18', '建興街'),
('R1544', 'D18', '柴埕路'),
('R1545', 'D18', '桂山路'),
('R1546', 'D18', '桃李一路'),
('R1547', 'D18', '桃李二路'),
('R1548', 'D18', '能仁街'),
('R1549', 'D18', '國校路'),
('R1550', 'D18', '康雅崙路'),
('R1551', 'D18', '梅花一路'),
('R1552', 'D18', '梅崗一路'),
('R1553', 'D18', '梅崗三路'),
('R1554', 'D18', '涵碧路'),
('R1555', 'D18', '莒光路'),
('R1556', 'D18', '頂石厝路'),
('R1557', 'D18', '頂城一街'),
('R1558', 'D18', '頂城二街'),
('R1559', 'D18', '頂城三街'),
('R1560', 'D18', '頂城五街'),
('R1561', 'D18', '頂城六街'),
('R1562', 'D18', '博愛街'),
('R1563', 'D18', '富貴街'),
('R1564', 'D18', '復興路'),
('R1565', 'D18', '斯馨路'),
('R1566', 'D18', '湖子內路'),
('R1567', 'D18', '湖興路'),
('R1568', 'D18', '華中街'),
('R1569', 'D18', '華城一路'),
('R1570', 'D18', '華城二路'),
('R1571', 'D18', '華城三路'),
('R1572', 'D18', '華城六街'),
('R1573', 'D18', '華城路'),
('R1574', 'D18', '華潭街'),
('R1575', 'D18', '華興街'),
('R1576', 'D18', '郵政路'),
('R1577', 'D18', '順安街'),
('R1578', 'D18', '順德街'),
('R1579', 'D18', '新生街'),
('R1580', 'D18', '新和街'),
('R1581', 'D18', '新坡一街'),
('R1582', 'D18', '新店後街'),
('R1583', 'D18', '新店路'),
('R1584', 'D18', '新明街'),
('R1585', 'D18', '新烏路'),
('R1586', 'D18', '新祥街'),
('R1587', 'D18', '新潭路'),
('R1588', 'D18', '溪洲路'),
('R1589', 'D18', '溪園路'),
('R1590', 'D18', '裕合街'),
('R1591', 'D18', '達觀路'),
('R1592', 'D18', '僑仁路'),
('R1593', 'D18', '僑信路'),
('R1594', 'D18', '僑愛一路'),
('R1595', 'D18', '僑愛七路'),
('R1596', 'D18', '僑愛九路'),
('R1597', 'D18', '僑愛二路'),
('R1598', 'D18', '僑愛三路'),
('R1599', 'D18', '僑愛五路'),
('R1600', 'D18', '僑愛六路'),
('R1601', 'D18', '僑愛四路'),
('R1602', 'D18', '僑義路'),
('R1603', 'D18', '碧安街'),
('R1604', 'D18', '碧潭路'),
('R1605', 'D18', '福園街'),
('R1606', 'D18', '精忠路'),
('R1607', 'D18', '翠峯路'),
('R1608', 'D18', '銀河路'),
('R1609', 'D18', '廣興路'),
('R1610', 'D18', '德正街'),
('R1611', 'D18', '黎明路'),
('R1612', 'D18', '橘園一路'),
('R1613', 'D18', '錦秀路'),
('R1614', 'D18', '環河路'),
('R1615', 'D18', '環湖路'),
('R1616', 'D18', '薏仁坑路'),
('R1617', 'D18', '檳榔路'),
('R1618', 'D18', '雙城路'),
('R1619', 'D18', '雙峯路'),
('R1620', 'D18', '寶中路'),
('R1621', 'D18', '寶元路'),
('R1622', 'D18', '寶安街'),
('R1623', 'D18', '寶宏路'),
('R1624', 'D18', '寶高路'),
('R1625', 'D18', '寶強路'),
('R1626', 'D18', '寶福街'),
('R1627', 'D18', '寶慶街'),
('R1628', 'D18', '寶橋路'),
('R1629', 'D18', '寶興路'),
('R1630', 'D18', '櫻花街'),
('R1631', 'D18', '蘭苑一路'),
('R1632', 'D18', '灣潭路'),
('R1633', 'D19', '八德街'),
('R1634', 'D19', '三多路'),
('R1635', 'D19', '三俊街'),
('R1636', 'D19', '三福街'),
('R1637', 'D19', '三德街'),
('R1638', 'D19', '三興路'),
('R1639', 'D19', '三龍街'),
('R1640', 'D19', '三寶街'),
('R1641', 'D19', '千歲街'),
('R1642', 'D19', '大同街'),
('R1643', 'D19', '大安街'),
('R1644', 'D19', '大安路'),
('R1645', 'D19', '大成路'),
('R1646', 'D19', '大有路'),
('R1647', 'D19', '大雅路'),
('R1648', 'D19', '大義路'),
('R1649', 'D19', '大慶街'),
('R1650', 'D19', '山佳街'),
('R1651', 'D19', '工興街'),
('R1652', 'D19', '中山路'),
('R1653', 'D19', '中正路'),
('R1654', 'D19', '中佳路'),
('R1655', 'D19', '中和街'),
('R1656', 'D19', '中洲街'),
('R1657', 'D19', '中華路'),
('R1658', 'D19', '中興街'),
('R1659', 'D19', '仁愛街'),
('R1660', 'D19', '太元街'),
('R1661', 'D19', '太平路'),
('R1662', 'D19', '太順街'),
('R1663', 'D19', '文化街'),
('R1664', 'D19', '文德街'),
('R1665', 'D19', '日新街'),
('R1666', 'D19', '水源街'),
('R1667', 'D19', '四維路'),
('R1668', 'D19', '四德街'),
('R1669', 'D19', '民和街'),
('R1670', 'D19', '民權街'),
('R1671', 'D19', '田尾街'),
('R1672', 'D19', '立仁街'),
('R1673', 'D19', '光明街'),
('R1674', 'D19', '光武街'),
('R1675', 'D19', '光華街'),
('R1676', 'D19', '光榮街'),
('R1677', 'D19', '光興街'),
('R1678', 'D19', '吉祥街'),
('R1679', 'D19', '名園街'),
('R1680', 'D19', '地政街'),
('R1681', 'D19', '西圳街'),
('R1682', 'D19', '育英街'),
('R1683', 'D19', '育德街'),
('R1684', 'D19', '佳園路'),
('R1685', 'D19', '味王街'),
('R1686', 'D19', '和平街'),
('R1687', 'D19', '忠孝街'),
('R1688', 'D19', '忠信街'),
('R1689', 'D19', '忠愛街'),
('R1690', 'D19', '忠義街'),
('R1691', 'D19', '東大街'),
('R1692', 'D19', '東佳路'),
('R1693', 'D19', '東和街'),
('R1694', 'D19', '東華街'),
('R1695', 'D19', '東陽街'),
('R1696', 'D19', '東順街'),
('R1697', 'D19', '東榮街'),
('R1698', 'D19', '東興街'),
('R1699', 'D19', '東豐街'),
('R1700', 'D19', '板林路'),
('R1701', 'D19', '武林街'),
('R1702', 'D19', '長壽街'),
('R1703', 'D19', '俊安街'),
('R1704', 'D19', '俊保路'),
('R1705', 'D19', '俊英街'),
('R1706', 'D19', '俊德街'),
('R1707', 'D19', '俊興街'),
('R1708', 'D19', '保安二街'),
('R1709', 'D19', '保安街'),
('R1710', 'D19', '保順街'),
('R1711', 'D19', '信和街'),
('R1712', 'D19', '信義街'),
('R1713', 'D19', '後站街'),
('R1714', 'D19', '柑園街'),
('R1715', 'D19', '桃子腳路'),
('R1716', 'D19', '海明街'),
('R1717', 'D19', '啓智街'),
('R1718', 'D19', '國凱街'),
('R1719', 'D19', '備內街'),
('R1720', 'D19', '備前街'),
('R1721', 'D19', '博愛一街'),
('R1722', 'D19', '博愛街'),
('R1723', 'D19', '復興路'),
('R1724', 'D19', '新興街'),
('R1725', 'D19', '彰德街'),
('R1726', 'D19', '福順街'),
('R1727', 'D19', '福德街'),
('R1728', 'D19', '福興街'),
('R1729', 'D19', '德和街'),
('R1730', 'D19', '潭興街'),
('R1731', 'D19', '學士路'),
('R1732', 'D19', '學成路'),
('R1733', 'D19', '學府路'),
('R1734', 'D19', '學林路'),
('R1735', 'D19', '學勤路'),
('R1736', 'D19', '樹人街'),
('R1737', 'D19', '樹中街'),
('R1738', 'D19', '樹新路'),
('R1739', 'D19', '樹德街'),
('R1740', 'D19', '樹潭街'),
('R1741', 'D19', '龍興街'),
('R1742', 'D19', '環漢路'),
('R1743', 'D19', '豐林街'),
('R1744', 'D19', '鎮前街'),
('R1745', 'D19', '寶園街'),
('R1746', 'D20', '八里堆'),
('R1747', 'D20', '八勢一街'),
('R1748', 'D20', '八勢二街'),
('R1749', 'D20', '八勢路'),
('R1750', 'D20', '三民街'),
('R1751', 'D20', '三塊厝'),
('R1752', 'D20', '下圭柔山'),
('R1753', 'D20', '大仁街'),
('R1754', 'D20', '大同路'),
('R1755', 'D20', '大忠街'),
('R1756', 'D20', '大信街'),
('R1757', 'D20', '大勇街'),
('R1758', 'D20', '大智街'),
('R1759', 'D20', '大溪'),
('R1760', 'D20', '大義街'),
('R1761', 'D20', '小中寮'),
('R1762', 'D20', '小坪頂'),
('R1763', 'D20', '中山北路'),
('R1764', 'D20', '中山路'),
('R1765', 'D20', '中正東路'),
('R1766', 'D20', '中正路'),
('R1767', 'D20', '仁愛街'),
('R1768', 'D20', '公明街'),
('R1769', 'D20', '六塊厝'),
('R1770', 'D20', '文化路'),
('R1771', 'D20', '水尾子'),
('R1772', 'D20', '水汴頭'),
('R1773', 'D20', '水梘頭'),
('R1774', 'D20', '水源街'),
('R1775', 'D20', '水碓街'),
('R1776', 'D20', '北投子'),
('R1777', 'D20', '北勢子'),
('R1778', 'D20', '北新路'),
('R1779', 'D20', '平遠街'),
('R1780', 'D20', '民生路'),
('R1781', 'D20', '民族路'),
('R1782', 'D20', '民富街'),
('R1783', 'D20', '民權一街'),
('R1784', 'D20', '民權路'),
('R1785', 'D20', '瓦󿾨坑'),
('R1786', 'D20', '白石腳'),
('R1787', 'D20', '石頭厝'),
('R1788', 'D20', '石頭埔'),
('R1789', 'D20', '竹林路'),
('R1790', 'D20', '竹圍子'),
('R1791', 'D20', '自立路'),
('R1792', 'D20', '自強路'),
('R1793', 'D20', '行忠路'),
('R1794', 'D20', '沙崙路'),
('R1795', 'D20', '坪頂路'),
('R1796', 'D20', '尚頂一街'),
('R1797', 'D20', '忠愛街'),
('R1798', 'D20', '社厝坑'),
('R1799', 'D20', '長興街'),
('R1800', 'D20', '南平'),
('R1801', 'D20', '南勢埔'),
('R1802', 'D20', '奎柔山路'),
('R1803', 'D20', '建設街'),
('R1804', 'D20', '後洲路'),
('R1805', 'D20', '竿蓁一街'),
('R1806', 'D20', '竿蓁二街'),
('R1807', 'D20', '紅樹林路'),
('R1808', 'D20', '英專路'),
('R1809', 'D20', '重建街'),
('R1810', 'D20', '原德路'),
('R1811', 'D20', '崁頂'),
('R1812', 'D20', '崁頂二路'),
('R1813', 'D20', '崁頂三路'),
('R1814', 'D20', '崁頂五路'),
('R1815', 'D20', '桂竹圍'),
('R1816', 'D20', '桂花樹'),
('R1817', 'D20', '真理街'),
('R1818', 'D20', '破瓦厝子'),
('R1819', 'D20', '馬偕街'),
('R1820', 'D20', '商工路'),
('R1821', 'D20', '崙頂'),
('R1822', 'D20', '淡金路'),
('R1823', 'D20', '淡海路'),
('R1824', 'D20', '清水街'),
('R1825', 'D20', '頂田寮'),
('R1826', 'D20', '頂田寮路'),
('R1827', 'D20', '博愛街'),
('R1828', 'D20', '番子厝'),
('R1829', 'D20', '雲廣坑'),
('R1830', 'D20', '新市一路'),
('R1831', 'D20', '新市二路'),
('R1832', 'D20', '新市三路'),
('R1833', 'D20', '新市五路'),
('R1834', 'D20', '新市六路'),
('R1835', 'D20', '新民街'),
('R1836', 'D20', '新生街'),
('R1837', 'D20', '新春街'),
('R1838', 'D20', '新興街'),
('R1839', 'D20', '椿子林'),
('R1840', 'D20', '楓樹湖'),
('R1841', 'D20', '溪口'),
('R1842', 'D20', '義山路'),
('R1843', 'D20', '演戲埔腳'),
('R1844', 'D20', '鼻頭街'),
('R1845', 'D20', '鄧公路'),
('R1846', 'D20', '學府路'),
('R1847', 'D20', '樹林口'),
('R1848', 'D20', '樹梅坑'),
('R1849', 'D20', '興仁路'),
('R1850', 'D20', '興福寮'),
('R1851', 'D20', '濱海路'),
('R1852', 'D20', '觀海路'),
('R1853', 'D21', '八連路'),
('R1854', 'D21', '力行街'),
('R1855', 'D21', '三民街'),
('R1856', 'D21', '大同路'),
('R1857', 'D21', '大安街'),
('R1858', 'D21', '小坑路'),
('R1859', 'D21', '工建路'),
('R1860', 'D21', '中正路'),
('R1861', 'D21', '中華街'),
('R1862', 'D21', '中興路'),
('R1863', 'D21', '仁愛路'),
('R1864', 'D21', '內曾路'),
('R1865', 'D21', '公園路'),
('R1866', 'D21', '水源路'),
('R1867', 'D21', '水碓街'),
('R1868', 'D21', '弘道街'),
('R1869', 'D21', '民生街'),
('R1870', 'D21', '民族一街'),
('R1871', 'D21', '民族二街'),
('R1872', 'D21', '民族三街'),
('R1873', 'D21', '民族五街'),
('R1874', 'D21', '民族六街'),
('R1875', 'D21', '民權街'),
('R1876', 'D21', '永春一路'),
('R1877', 'D21', '永春二路'),
('R1878', 'D21', '白雲路'),
('R1879', 'D21', '光明街'),
('R1880', 'D21', '光復街'),
('R1881', 'D21', '合順街'),
('R1882', 'D21', '吉林街'),
('R1883', 'D21', '吉祥街'),
('R1884', 'D21', '同興路'),
('R1885', 'D21', '汐平路'),
('R1886', 'D21', '汐科路'),
('R1887', 'D21', '汐碇路'),
('R1888', 'D21', '汐萬路'),
('R1889', 'D21', '伯爵街'),
('R1890', 'D21', '秀山路'),
('R1891', 'D21', '秀峰路'),
('R1892', 'D21', '和平街'),
('R1893', 'D21', '宜興街'),
('R1894', 'D21', '忠一街'),
('R1895', 'D21', '忠二街'),
('R1896', 'D21', '忠三街'),
('R1897', 'D21', '忠孝東路'),
('R1898', 'D21', '招商街'),
('R1899', 'D21', '明峰街'),
('R1900', 'D21', '東山路'),
('R1901', 'D21', '東勢街'),
('R1902', 'D21', '林森街'),
('R1903', 'D21', '芳園街'),
('R1904', 'D21', '長安路'),
('R1905', 'D21', '長江街'),
('R1906', 'D21', '長青路'),
('R1907', 'D21', '長興街'),
('R1908', 'D21', '青山路'),
('R1909', 'D21', '保一街'),
('R1910', 'D21', '保長路'),
('R1911', 'D21', '保新街'),
('R1912', 'D21', '信義路'),
('R1913', 'D21', '南昌街'),
('R1914', 'D21', '南陽街'),
('R1915', 'D21', '南勢街'),
('R1916', 'D21', '南興路'),
('R1917', 'D21', '姜子寮路'),
('R1918', 'D21', '建成路'),
('R1919', 'D21', '茄安路'),
('R1920', 'D21', '茄苳路'),
('R1921', 'D21', '茄福街'),
('R1922', 'D21', '茄興街'),
('R1923', 'D21', '原興路'),
('R1924', 'D21', '國興街'),
('R1925', 'D21', '康寧街'),
('R1926', 'D21', '祥雲街'),
('R1927', 'D21', '莊敬街'),
('R1928', 'D21', '連峰街'),
('R1929', 'D21', '連興街'),
('R1930', 'D21', '復興路'),
('R1931', 'D21', '湖東街'),
('R1932', 'D21', '湖前街'),
('R1933', 'D21', '鄉友街'),
('R1934', 'D21', '鄉長路'),
('R1935', 'D21', '勤進路'),
('R1936', 'D21', '新台五路'),
('R1937', 'D21', '新江北路'),
('R1938', 'D21', '新昌路'),
('R1939', 'D21', '新興路'),
('R1940', 'D21', '瑞松街'),
('R1941', 'D21', '夢湖路'),
('R1942', 'D21', '福山街'),
('R1943', 'D21', '福安街'),
('R1944', 'D21', '福德一路'),
('R1945', 'D21', '福德二路'),
('R1946', 'D21', '福德三路'),
('R1947', 'D21', '福德路'),
('R1948', 'D21', '翠峰街'),
('R1949', 'D21', '樟樹一路'),
('R1950', 'D21', '樟樹二路'),
('R1951', 'D21', '横科路'),
('R1952', 'D21', '橋東街'),
('R1953', 'D21', '橫科路'),
('R1954', 'D21', '鮕󿾙坑街'),
('R1955', 'D21', '龍安路'),
('R1956', 'D21', '環山路'),
('R1957', 'D21', '環河街'),
('R1958', 'D21', '禮門街'),
('R1959', 'D21', '鵠鵠崙路'),
('R1960', 'D22', '三民路'),
('R1961', 'D22', '千歲路'),
('R1962', 'D22', '大同街'),
('R1963', 'D22', '大安路'),
('R1964', 'D22', '大暖路'),
('R1965', 'D22', '中山路'),
('R1966', 'D22', '中央路'),
('R1967', 'D22', '中正路'),
('R1968', 'D22', '中州路'),
('R1969', 'D22', '中華路'),
('R1970', 'D22', '中興路'),
('R1971', 'D22', '仁愛路'),
('R1972', 'D22', '日和街'),
('R1973', 'D22', '日新街'),
('R1974', 'D22', '水源街'),
('R1975', 'D22', '四川路'),
('R1976', 'D22', '民生街'),
('R1977', 'D22', '民安街'),
('R1978', 'D22', '民族街'),
('R1979', 'D22', '民權街'),
('R1980', 'D22', '永平街'),
('R1981', 'D22', '永安街'),
('R1982', 'D22', '永和街'),
('R1983', 'D22', '永寧路'),
('R1984', 'D22', '永豐路'),
('R1985', 'D22', '石門路'),
('R1986', 'D22', '立仁街'),
('R1987', 'D22', '立清街'),
('R1988', 'D22', '立雲街'),
('R1989', 'D22', '立德路'),
('R1990', 'D22', '光明街'),
('R1991', 'D22', '成功街'),
('R1992', 'D22', '自由街'),
('R1993', 'D22', '自強街'),
('R1994', 'D22', '亞洲路'),
('R1995', 'D22', '和平路'),
('R1996', 'D22', '和城路'),
('R1997', 'D22', '延平街'),
('R1998', 'D22', '延吉街'),
('R1999', 'D22', '延安街'),
('R2000', 'D22', '延和路'),
('R2001', 'D22', '延峯街'),
('R2002', 'D22', '延壽路'),
('R2003', 'D22', '忠承路'),
('R2004', 'D22', '忠義路'),
('R2005', 'D22', '承天路'),
('R2006', 'D22', '明峯街'),
('R2007', 'D22', '明德路'),
('R2008', 'D22', '金安街'),
('R2009', 'D22', '金城路'),
('R2010', 'D22', '青山路'),
('R2011', 'D22', '青仁路'),
('R2012', 'D22', '青和街'),
('R2013', 'D22', '青雲路'),
('R2014', 'D22', '青福街'),
('R2015', 'D22', '南天母路'),
('R2016', 'D22', '城林路'),
('R2017', 'D22', '員林街'),
('R2018', 'D22', '員福街'),
('R2019', 'D22', '峯廷街'),
('R2020', 'D22', '海山路'),
('R2021', 'D22', '國際路'),
('R2022', 'D22', '清水路'),
('R2023', 'D22', '莊園街'),
('R2024', 'D22', '頂埔街'),
('R2025', 'D22', '勝利街'),
('R2026', 'D22', '復興街'),
('R2027', 'D22', '順風路'),
('R2028', 'D22', '新洲路'),
('R2029', 'D22', '溪頭路'),
('R2030', 'D22', '裕民路'),
('R2031', 'D22', '裕生路'),
('R2032', 'D22', '裕華街'),
('R2033', 'D22', '農豐街'),
('R2034', 'D22', '福仁街'),
('R2035', 'D22', '福田路'),
('R2036', 'D22', '福安街'),
('R2037', 'D22', '福祥街'),
('R2038', 'D22', '廣明街'),
('R2039', 'D22', '廣福街'),
('R2040', 'D22', '廣興街'),
('R2041', 'D22', '德安街'),
('R2042', 'D22', '德峯街'),
('R2043', 'D22', '德興街'),
('R2044', 'D22', '慶安街'),
('R2045', 'D22', '慶利街'),
('R2046', 'D22', '慶和街'),
('R2047', 'D22', '慶祥街'),
('R2048', 'D22', '慶樂街'),
('R2049', 'D22', '樂利街'),
('R2050', 'D22', '學士路'),
('R2051', 'D22', '學成路'),
('R2052', 'D22', '學享街'),
('R2053', 'D22', '學府路'),
('R2054', 'D22', '學海街'),
('R2055', 'D22', '興城路'),
('R2056', 'D22', '龍山一街'),
('R2057', 'D22', '龍山二街'),
('R2058', 'D22', '龍泉路'),
('R2059', 'D22', '擺接堡路'),
('R2060', 'D23', '九芎街'),
('R2061', 'D23', '三民路'),
('R2062', 'D23', '中山一路'),
('R2063', 'D23', '中山二路'),
('R2064', 'D23', '中央路'),
('R2065', 'D23', '中正路'),
('R2066', 'D23', '中原路'),
('R2067', 'D23', '中華街'),
('R2068', 'D23', '中興街'),
('R2069', 'D23', '仁愛街'),
('R2070', 'D23', '水湳街'),
('R2071', 'D23', '正和街'),
('R2072', 'D23', '民生街'),
('R2073', 'D23', '民族路'),
('R2074', 'D23', '民義街'),
('R2075', 'D23', '民權路'),
('R2076', 'D23', '永平街'),
('R2077', 'D23', '永安北路'),
('R2078', 'D23', '永安南路'),
('R2079', 'D23', '永康街'),
('R2080', 'D23', '永樂街'),
('R2081', 'D23', '光明路'),
('R2082', 'D23', '光復路'),
('R2083', 'D23', '光華路'),
('R2084', 'D23', '光榮路'),
('R2085', 'D23', '成功路'),
('R2086', 'D23', '和平路'),
('R2087', 'D23', '忠孝路'),
('R2088', 'D23', '長安街'),
('R2089', 'D23', '長榮路'),
('R2090', 'D23', '長樂路'),
('R2091', 'D23', '長興路'),
('R2092', 'D23', '保和街'),
('R2093', 'D23', '信義路'),
('R2094', 'D23', '重陽一街'),
('R2095', 'D23', '重陽二街'),
('R2096', 'D23', '重陽街'),
('R2097', 'D23', '國道路'),
('R2098', 'D23', '得勝街'),
('R2099', 'D23', '復興路'),
('R2100', 'D23', '集賢路'),
('R2101', 'D23', '環堤大道'),
('R2102', 'D23', '鷺江街'),
('R2103', 'D24', '工商路'),
('R2104', 'D24', '中直路'),
('R2105', 'D24', '中興路'),
('R2106', 'D24', '五工一路'),
('R2107', 'D24', '五工二路'),
('R2108', 'D24', '五工三路'),
('R2109', 'D24', '五工五路'),
('R2110', 'D24', '五工六路'),
('R2111', 'D24', '五工路'),
('R2112', 'D24', '五福路'),
('R2113', 'D24', '五權七路'),
('R2114', 'D24', '五權二路'),
('R2115', 'D24', '五權八路'),
('R2116', 'D24', '五權三路'),
('R2117', 'D24', '五權五路'),
('R2118', 'D24', '五權六路'),
('R2119', 'D24', '五權路'),
('R2120', 'D24', '六合街'),
('R2121', 'D24', '天乙路'),
('R2122', 'D24', '水碓一路'),
('R2123', 'D24', '水碓七路'),
('R2124', 'D24', '水碓九路'),
('R2125', 'D24', '水碓二路'),
('R2126', 'D24', '水碓三路'),
('R2127', 'D24', '水碓五路'),
('R2128', 'D24', '水碓六路'),
('R2129', 'D24', '水碓路'),
('R2130', 'D24', '四維路'),
('R2131', 'D24', '外寮路'),
('R2132', 'D24', '民義路'),
('R2133', 'D24', '成洲一路'),
('R2134', 'D24', '成洲三路'),
('R2135', 'D24', '成洲五路'),
('R2136', 'D24', '成泰路'),
('R2137', 'D24', '自強路'),
('R2138', 'D24', '西雲路'),
('R2139', 'D24', '孝義路'),
('R2140', 'D24', '更洲路'),
('R2141', 'D24', '明德路'),
('R2142', 'D24', '芳洲一路'),
('R2143', 'D24', '芳洲七路'),
('R2144', 'D24', '芳洲九路'),
('R2145', 'D24', '芳洲二路'),
('R2146', 'D24', '芳洲八路'),
('R2147', 'D24', '芳洲五路'),
('R2148', 'D24', '芳洲六路'),
('R2149', 'D24', '芳洲路'),
('R2150', 'D24', '凌雲路'),
('R2151', 'D24', '國道路');
INSERT INTO `DistrictRoad` (`DistrictRoadID`, `DistrictID`, `Road`) VALUES
('R2152', 'D24', '御史路'),
('R2153', 'D24', '御成路'),
('R2154', 'D24', '淩雲路'),
('R2155', 'D24', '疏洪北路'),
('R2156', 'D24', '登林路'),
('R2157', 'D24', '新五路'),
('R2158', 'D24', '新城一路'),
('R2159', 'D24', '新城八路'),
('R2160', 'D24', '新城三路'),
('R2161', 'D24', '新城五路'),
('R2162', 'D24', '新城六路'),
('R2163', 'D24', '蓬萊路'),
('R2164', 'D24', '壟鈎路');

-- --------------------------------------------------------

--
-- 資料表結構 `FoodType`
--

CREATE TABLE `FoodType` (
  `FoodTypeID` char(4) COLLATE utf8_unicode_520_ci NOT NULL,
  `FoodTypeName` varchar(11) COLLATE utf8_unicode_520_ci NOT NULL
) ENGINE=InnoDB DEFAULT CHARSET=utf8mb4 COLLATE=utf8_unicode_520_ci;

--
-- 傾印資料表的資料 `FoodType`
--

INSERT INTO `FoodType` (`FoodTypeID`, `FoodTypeName`) VALUES
('F001', '拉麵/沾麵'),
('F002', '壽司'),
('F003', '咖哩'),
('F004', '炸雞'),
('F005', '漢堡'),
('F006', '餃子'),
('F007', '牛排'),
('F008', '水煮'),
('F009', '手搖飲'),
('F010', '泰式'),
('F011', '港式'),
('F012', '韓式'),
('F013', '涼麵'),
('F014', '火鍋'),
('F015', '義大利麵/燉飯'),
('F016', '燒烤'),
('F017', '冰品/豆花'),
('F018', '居酒屋'),
('F019', '餐酒館/酒吧'),
('F020', '蛋糕/派塔'),
('F021', '咖啡廳'),
('F022', '早午餐'),
('F023', '中式早餐'),
('F024', '吐司'),
('F025', '比薩');

-- --------------------------------------------------------

--
-- 資料表結構 `Member`
--

CREATE TABLE `Member` (
  `Account` varchar(20) COLLATE utf8_unicode_520_ci NOT NULL,
  `Password` varchar(20) COLLATE utf8_unicode_520_ci NOT NULL
) ENGINE=InnoDB DEFAULT CHARSET=utf8mb4 COLLATE=utf8_unicode_520_ci;

--
-- 傾印資料表的資料 `Member`
--

INSERT INTO `Member` (`Account`, `Password`) VALUES
('hellonine', '87654321'),
('helloworld', '12345678');

-- --------------------------------------------------------

--
-- 資料表結構 `MemberPressAdd`
--

CREATE TABLE `MemberPressAdd` (
  `Account` varchar(20) COLLATE utf8_unicode_520_ci NOT NULL,
  `RestaurantID` char(6) COLLATE utf8_unicode_520_ci NOT NULL
) ENGINE=InnoDB DEFAULT CHARSET=utf8mb4 COLLATE=utf8_unicode_520_ci;

--
-- 傾印資料表的資料 `MemberPressAdd`
--

INSERT INTO `MemberPressAdd` (`Account`, `RestaurantID`) VALUES
('hellonine', 'T00001'),
('hellonine', 'T00009'),
('helloworld', 'T00039'),
('helloworld', 'T00050');

-- --------------------------------------------------------

--
-- 資料表結構 `MemberQA`
--

CREATE TABLE `MemberQA` (
  `Account` varchar(20) COLLATE utf8_unicode_520_ci NOT NULL,
  `QuestionID` char(2) COLLATE utf8_unicode_520_ci NOT NULL,
  `Answer` varchar(30) COLLATE utf8_unicode_520_ci NOT NULL
) ENGINE=InnoDB DEFAULT CHARSET=utf8mb4 COLLATE=utf8_unicode_520_ci;

--
-- 傾印資料表的資料 `MemberQA`
--

INSERT INTO `MemberQA` (`Account`, `QuestionID`, `Answer`) VALUES
('hellonine', 'Q1', '皮蛋'),
('hellonine', 'Q4', '鋼鐵人'),
('hellonine', 'Q7', '日本'),
('helloworld', 'Q2', '蛋塔'),
('helloworld', 'Q5', '皮皮'),
('helloworld', 'Q8', '暴龍');

-- --------------------------------------------------------

--
-- 資料表結構 `MRTStation`
--

CREATE TABLE `MRTStation` (
  `StationID` char(4) COLLATE utf8_unicode_520_ci NOT NULL,
  `StationName` varchar(11) COLLATE utf8_unicode_520_ci NOT NULL
) ENGINE=InnoDB DEFAULT CHARSET=utf8mb4 COLLATE=utf8_unicode_520_ci;

--
-- 傾印資料表的資料 `MRTStation`
--

INSERT INTO `MRTStation` (`StationID`, `StationName`) VALUES
('S001', '動物園'),
('S002', '木柵'),
('S003', '萬芳社區'),
('S004', '萬芳醫院'),
('S005', '辛亥'),
('S006', '麟光'),
('S007', '六張犁'),
('S008', '科技大樓'),
('S009', '大安'),
('S010', '忠孝復興'),
('S011', '南京復興'),
('S012', '中山國中'),
('S013', '松山機場'),
('S014', '大直'),
('S015', '劍南路'),
('S016', '西湖'),
('S017', '港墘'),
('S018', '文德'),
('S019', '內湖'),
('S020', '大湖公園'),
('S021', '葫洲'),
('S022', '東湖'),
('S023', '南港軟體園區'),
('S024', '南港展覽館'),
('S025', '淡水'),
('S026', '紅樹林'),
('S027', '竹圍'),
('S028', '關渡'),
('S029', '忠義'),
('S030', '復興崗'),
('S031', '北投'),
('S032', '新北投'),
('S033', '奇岩'),
('S034', '唭哩岸'),
('S035', '石牌'),
('S036', '明德'),
('S037', '芝山'),
('S038', '士林'),
('S039', '劍潭'),
('S040', '圓山'),
('S041', '民權西路'),
('S042', '雙連'),
('S043', '中山'),
('S044', '台北車站'),
('S045', '台大醫院'),
('S046', '中正紀念堂'),
('S047', '東門'),
('S048', '大安森林公園'),
('S049', '信義安和'),
('S050', '台北101/世貿'),
('S051', '象山'),
('S052', '新店'),
('S053', '新店區公所'),
('S054', '七張'),
('S055', '小碧潭'),
('S056', '大坪林'),
('S057', '景美'),
('S058', '萬隆'),
('S059', '公館'),
('S060', '台電大樓'),
('S061', '古亭'),
('S062', '小南門'),
('S063', '西門'),
('S064', '北門'),
('S065', '松江南京'),
('S066', '台北小巨蛋'),
('S067', '南京三民'),
('S068', '松山'),
('S069', '南勢角'),
('S070', '景安'),
('S071', '永安市場'),
('S072', '頂溪'),
('S073', '忠孝新生'),
('S074', '行天宮'),
('S075', '中山國小'),
('S076', '大橋頭'),
('S077', '台北橋'),
('S078', '菜寮'),
('S079', '三重'),
('S080', '先嗇宮'),
('S081', '頭前庄'),
('S082', '新莊'),
('S083', '輔大'),
('S084', '丹鳳'),
('S085', '迴龍'),
('S086', '三重國小'),
('S087', '三和國中'),
('S088', '徐匯中學'),
('S089', '三民高中'),
('S090', '蘆洲'),
('S091', '南港'),
('S092', '昆陽'),
('S093', '後山埤'),
('S094', '永春'),
('S095', '市政府'),
('S096', '國父紀念館'),
('S097', '忠孝敦化'),
('S098', '善導寺'),
('S099', '龍山寺'),
('S100', '江子翠'),
('S101', '新埔'),
('S102', '板橋'),
('S103', '府中'),
('S104', '亞東醫院'),
('S105', '海山'),
('S106', '土城'),
('S107', '永寧'),
('S108', '頂埔'),
('S109', '十四張'),
('S110', '秀朗橋'),
('S111', '景平'),
('S112', '中和'),
('S113', '橋和'),
('S114', '中原'),
('S115', '板新'),
('S116', '新埔民生'),
('S117', '幸福'),
('S118', '新北產業園區');

-- --------------------------------------------------------

--
-- 資料表結構 `MyMap`
--

CREATE TABLE `MyMap` (
  `MyRestaurantID` char(7) COLLATE utf8_unicode_520_ci NOT NULL,
  `Account` varchar(20) COLLATE utf8_unicode_520_ci NOT NULL,
  `MyRestaurantName` varchar(50) COLLATE utf8_unicode_520_ci NOT NULL,
  `MyRestaurantBranch` varchar(10) COLLATE utf8_unicode_520_ci DEFAULT NULL,
  `StationID` char(4) COLLATE utf8_unicode_520_ci NOT NULL
) ENGINE=InnoDB DEFAULT CHARSET=utf8mb4 COLLATE=utf8_unicode_520_ci;

--
-- 傾印資料表的資料 `MyMap`
--

INSERT INTO `MyMap` (`MyRestaurantID`, `Account`, `MyRestaurantName`, `MyRestaurantBranch`, `StationID`) VALUES
('Y000001', 'hellonine', '星馬廚房', NULL, 'S101'),
('Y000002', 'hellonine', '兩津蛋塔', '湳雅夜市', 'S103'),
('Y000003', 'helloworld', '兩津號雞肉飯', NULL, 'S101'),
('Y000004', 'helloworld', '六必居潮州沙鍋粥', '中山', 'S102');

-- --------------------------------------------------------

--
-- 資料表結構 `Question`
--

CREATE TABLE `Question` (
  `QuestionID` char(2) COLLATE utf8_unicode_520_ci NOT NULL,
  `Question` varchar(20) COLLATE utf8_unicode_520_ci NOT NULL
) ENGINE=InnoDB DEFAULT CHARSET=utf8mb4 COLLATE=utf8_unicode_520_ci;

--
-- 傾印資料表的資料 `Question`
--

INSERT INTO `Question` (`QuestionID`, `Question`) VALUES
('Q1', '您童年時期的綽號是什麼？'),
('Q2', '您最喜歡的食物是什麼？'),
('Q3', '您在學生時期最喜歡哪個歌手或樂隊？'),
('Q4', '您在學生時期最喜歡哪個電影明星或角色？'),
('Q5', '您的第一隻寵物叫什麼名字？'),
('Q6', '您在學生時期最好的朋友叫什麼名字？'),
('Q7', '您第一次坐飛機是去哪裡？'),
('Q8', '您最喜歡哪個球隊？'),
('Q9', '您就讀的第一所學校名字是什麼？');

-- --------------------------------------------------------

--
-- 資料表結構 `Recommend`
--

CREATE TABLE `Recommend` (
  `RecommendID` char(7) COLLATE utf8_unicode_520_ci NOT NULL,
  `Account` varchar(20) COLLATE utf8_unicode_520_ci DEFAULT NULL,
  `DateTime` datetime NOT NULL,
  `Approval` int(1) NOT NULL DEFAULT '0',
  `RestaurantName` varchar(50) COLLATE utf8_unicode_520_ci NOT NULL,
  `BranchName` varchar(10) COLLATE utf8_unicode_520_ci DEFAULT NULL,
  `FoodTypeID` char(4) COLLATE utf8_unicode_520_ci NOT NULL,
  `MenuURL` text COLLATE utf8_unicode_520_ci,
  `OtherLikes` int(4) NOT NULL DEFAULT '0',
  `DistrictRoadID` char(5) COLLATE utf8_unicode_520_ci NOT NULL,
  `Sec` varchar(1) COLLATE utf8_unicode_520_ci DEFAULT NULL,
  `Ln` varchar(6) COLLATE utf8_unicode_520_ci DEFAULT NULL,
  `Aly` varchar(6) COLLATE utf8_unicode_520_ci DEFAULT NULL,
  `No` varchar(6) COLLATE utf8_unicode_520_ci NOT NULL,
  `F` varchar(3) COLLATE utf8_unicode_520_ci DEFAULT NULL,
  `Rm` varchar(6) COLLATE utf8_unicode_520_ci DEFAULT NULL,
  `Phone` varchar(12) COLLATE utf8_unicode_520_ci DEFAULT NULL,
  `Mon` varchar(35) COLLATE utf8_unicode_520_ci NOT NULL,
  `Tue` varchar(35) COLLATE utf8_unicode_520_ci NOT NULL,
  `Wed` varchar(35) COLLATE utf8_unicode_520_ci NOT NULL,
  `Thu` varchar(35) COLLATE utf8_unicode_520_ci NOT NULL,
  `Fri` varchar(35) COLLATE utf8_unicode_520_ci NOT NULL,
  `Sat` varchar(35) COLLATE utf8_unicode_520_ci NOT NULL,
  `Sun` varchar(35) COLLATE utf8_unicode_520_ci NOT NULL,
  `StationID` char(4) COLLATE utf8_unicode_520_ci NOT NULL
) ENGINE=InnoDB DEFAULT CHARSET=utf8mb4 COLLATE=utf8_unicode_520_ci;

--
-- 傾印資料表的資料 `Recommend`
--

INSERT INTO `Recommend` (`RecommendID`, `Account`, `DateTime`, `Approval`, `RestaurantName`, `BranchName`, `FoodTypeID`, `MenuURL`, `OtherLikes`, `DistrictRoadID`, `Sec`, `Ln`, `Aly`, `No`, `F`, `Rm`, `Phone`, `Mon`, `Tue`, `Wed`, `Thu`, `Fri`, `Sat`, `Sun`, `StationID`) VALUES
('M000001', 'hellonine', '2021-06-13 15:19:35', 0, 'bb.q CHICKEN', '三重三和', 'F004', 'https://www.niusnews.com/upload/imgs/default/2020AriJennnnnny/17CHICKEN/10.jpg', 0, 'R0926', '四', NULL, NULL, '398之1', NULL, NULL, '2286-1069', '11:00-21:00', '11:00-21:00', '11:00-21:00', '11:00-21:00', '11:00-21:30', '11:00-21:30', '11:00-21:00', 'S088'),
('M000002', 'helloworld', '2021-06-13 19:24:34', 0, 'Louisa Coffee 路易．莎咖啡', '板橋文化', 'F021', 'https://imgur.dcard.tw/bz5JdVZh.jpg', 0, 'R0776', '一', NULL, NULL, '309之37', NULL, NULL, '8969-6655', '07:00-22:00', '07:00-22:00', '07:00-22:00', '07:00-22:00', '07:00-22:00', '07:00-22:00', '07:00-22:00', 'S101');

-- --------------------------------------------------------

--
-- 資料表結構 `Restaurant`
--

CREATE TABLE `Restaurant` (
  `RestaurantID` char(6) COLLATE utf8_unicode_520_ci NOT NULL,
  `RestaurantName` varchar(50) COLLATE utf8_unicode_520_ci NOT NULL,
  `BranchName` varchar(10) COLLATE utf8_unicode_520_ci DEFAULT NULL,
  `FoodTypeID` char(4) COLLATE utf8_unicode_520_ci NOT NULL,
  `MenuURL` text COLLATE utf8_unicode_520_ci,
  `Likes` int(4) NOT NULL DEFAULT '0',
  `DistrictRoadID` char(5) COLLATE utf8_unicode_520_ci NOT NULL,
  `Sec` varchar(1) COLLATE utf8_unicode_520_ci DEFAULT NULL,
  `Ln` varchar(6) COLLATE utf8_unicode_520_ci DEFAULT NULL,
  `Aly` varchar(6) COLLATE utf8_unicode_520_ci DEFAULT NULL,
  `No` varchar(6) COLLATE utf8_unicode_520_ci NOT NULL,
  `F` varchar(3) COLLATE utf8_unicode_520_ci DEFAULT NULL,
  `Rm` varchar(6) COLLATE utf8_unicode_520_ci DEFAULT NULL,
  `Phone` varchar(12) COLLATE utf8_unicode_520_ci DEFAULT NULL,
  `Mon` varchar(35) COLLATE utf8_unicode_520_ci NOT NULL,
  `Tue` varchar(35) COLLATE utf8_unicode_520_ci NOT NULL,
  `Wed` varchar(35) COLLATE utf8_unicode_520_ci NOT NULL,
  `Thu` varchar(35) COLLATE utf8_unicode_520_ci NOT NULL,
  `Fri` varchar(35) COLLATE utf8_unicode_520_ci NOT NULL,
  `Sat` varchar(35) COLLATE utf8_unicode_520_ci NOT NULL,
  `Sun` varchar(35) COLLATE utf8_unicode_520_ci NOT NULL,
  `StationID` char(4) COLLATE utf8_unicode_520_ci NOT NULL
) ENGINE=InnoDB DEFAULT CHARSET=utf8mb4 COLLATE=utf8_unicode_520_ci;

--
-- 傾印資料表的資料 `Restaurant`
--

INSERT INTO `Restaurant` (`RestaurantID`, `RestaurantName`, `BranchName`, `FoodTypeID`, `MenuURL`, `Likes`, `DistrictRoadID`, `Sec`, `Ln`, `Aly`, `No`, `F`, `Rm`, `Phone`, `Mon`, `Tue`, `Wed`, `Thu`, `Fri`, `Sat`, `Sun`, `StationID`) VALUES
('T00001', '五之神製作所', '台灣', 'F001', 'https://scontent.ftpe7-1.fna.fbcdn.net/v/t31.18172-8/20861738_1987058201578819_1019111783410674224_o.jpg?_nc_cat=106&ccb=1-3&_nc_sid=730e14&_nc_ohc=HqqFR9Iz-MEAX94aDEu&_nc_ht=scontent.ftpe7-1.fna&oh=36269daf28d3d49b47e0c00e7d406f6b&oe=60E4EB33', 15, 'R0049', '四', '553', '6', '6', '', '', '2746-6867', '11:30-15:00、17:00-20:00', '11:30-15:00、17:00-20:00', '11:30-15:00、17:00-20:00', '11:30-15:00、17:00-20:00', '11:30-15:00、17:00-20:00', '11:30-20:00', '11:30-20:00', 'S095'),
('T00002', '隱家拉麵', '士林', 'F001', 'https://www.tony60533.com/wp-content/uploads/2020/08/9-9.jpg', 11, 'R0535', '五', '505', '', '1', '', '', '2888-1026', '11:30-14:00、16:30-22:00', '11:30-14:00、16:30-22:00', '11:30-14:00、16:30-22:00', '11:30-14:00、16:30-22:00', '11:30-14:00、16:30-22:00', '11:30-14:00、16:30-22:00', '11:30-14:00、16:30-22:00', 'S038'),
('T00003', '壽司美登利', '台北大安', 'F002', 'https://www.sushinomidori-tw.com.tw/h/Service?key=w6ne4&set=7', 15, 'R0081', '一', '', '', '81', '1', '', '8772-9966', '11:00-22:00', '11:00-22:00', '11:00-22:00', '11:00-22:00', '11:00-22:00', '11:00-22:00', '11:00-22:00', 'S010'),
('T00004', '一期一會(鮨)', '', 'F002', 'https://pic.pimg.tw/lotuslin/1463486733-4032659855.jpg?v=1463486770', 11, 'R0019', '', '', '', '438', '1', '', '8770-6220', '12:00-14:30、18:00-21:30', '12:00-14:30、18:00-21:30', '12:00-14:30、18:00-21:30', '12:00-14:30、18:00-21:30', '12:00-14:30、18:00-21:30', '12:00-14:30、18:00-21:30', '12:00-14:30、18:00-21:30', 'S011'),
('T00005', '佐藤咖哩', '復興', 'F003', 'https://scontent.ftpe7-4.fna.fbcdn.net/v/t1.6435-9/s1080x2048/118787745_976251502848250_2344191063218500885_n.jpg?_nc_cat=107&ccb=1-3&_nc_sid=730e14&_nc_ohc=Y0H9AIupM7oAX_tdgNh&_nc_ht=scontent.ftpe7-4.fna&tp=7&oh=421f29e980ee2598e1e74422c44ce28b&oe=60E2E144', 15, 'R0112', '一', '', '', '92之1', '', '', '2711-1967', '11:30-14:30、17:30-21:00', '11:30-14:30、17:30-21:00', '11:30-14:30、17:30-21:00', '11:30-14:30、17:30-21:00', '11:30-14:30、17:30-21:00', '11:30-14:30、17:30-21:00', '11:30-14:30、17:30-21:00', 'S010'),
('T00006', '咖哩小屋', '', 'F003', 'https://scontent.ftpe7-2.fna.fbcdn.net/v/t1.6435-9/131987567_3072330406425320_5379264522212222654_n.jpg?_nc_cat=109&ccb=1-3&_nc_sid=c4c01c&_nc_ohc=GOC1C724eSwAX9HJcTl&_nc_ht=scontent.ftpe7-2.fna&oh=6c09ca744d95dc9e0444d8a8031bd89a&oe=60C98670', 11, 'R0765', '二', '', '', '87', '', '', '2952-5956', '無', '11:00-14:00、17:00-20:30', '11:00-14:00、17:00-20:30', '11:00-14:00、17:00-20:30', '11:00-14:00、17:00-20:30', '11:00-14:00、17:00-20:30', '11:00-14:00、17:00-20:30', 'S101'),
('T00007', '起家雞', '板橋民族', 'F004', 'https://www.cheogajip.com.tw/menu/', 15, 'R0791', '', '', '', '33', '', '', '2955-0607', '11:00-22:30', '11:00-22:30', '11:00-22:30', '11:00-22:30', '11:00-22:30', '11:00-22:30', '11:00-22:30', 'S103'),
('T00008', '胖老爹美式炸雞', '桂林', 'F004', 'https://scontent.ftpe7-1.fna.fbcdn.net/v/t1.6435-9/52854580_562119030959933_7207900737047625728_n.jpg?_nc_cat=100&ccb=1-3&_nc_sid=730e14&_nc_ohc=bMOou3MzEyUAX8C5VrB&tn=qofHm6DMOdBkUr0l&_nc_ht=scontent.ftpe7-1.fna&oh=a7856d639ff79de7e9f7fb4d42de0fa1&oe=60CAC97D', 11, 'R0353', '', '', '', '85', '', '', '2331-0168', '11:00-24:00', '11:00-24:00', '11:00-24:00', '11:00-24:00', '11:00-24:00', '11:00-24:00', '11:00-24:00', 'S099'),
('T00009', 'Big Al\'s Burgers', '', 'F005', 'https://scontent.ftpe7-4.fna.fbcdn.net/v/t1.6435-9/181517544_296241612129418_3951013625741765121_n.jpg?_nc_cat=101&ccb=1-3&_nc_sid=c4c01c&_nc_ohc=f1Agu3BwtjMAX_IaI1T&_nc_ht=scontent.ftpe7-4.fna&oh=3f8c034c84fcdda3a9c51f6fa2f77e2e&oe=60CA898A', 15, 'R0005', '四', '', '', '179', '1', '', '0933-809-553', '18:00-02:00', '18:00-02:00', '18:00-02:00', '18:00-02:00', '18:00-02:00', '18:00-02:00', '18:00-02:00', 'S097'),
('T00010', 'Butcher by Lanpengyou', '', 'F005', 'https://img.ifunny.blog/uploads/20210316003239_12.png', 11, 'R0068', '二', '', '', '87', '', '', '0927-320-070', '無', '11:00-14:30、17:30-22:00', '11:00-14:30、17:30-22:00', '11:00-14:30、17:30-22:00', '11:00-14:30、17:30-22:00', '11:00-22:00', '11:00-22:00', 'S050'),
('T00011', '巧之味手工水餃', '濟南', 'F006', 'https://scontent.ftpe7-4.fna.fbcdn.net/v/t1.18169-9/14947786_1478261255522257_4488561230191284557_n.jpg?_nc_cat=105&ccb=1-3&_nc_sid=0aa96f&_nc_ohc=bJQJ2EiXyl0AX_l8-ae&_nc_ht=scontent.ftpe7-4.fna&oh=f12ec33db7c58ae746121a7e8fc9d7e2&oe=60C9F35D', 15, 'R0271', '二', '', '', '6', '', '', '2321-4693', '11:00-21:00', '11:00-21:00', '11:00-21:00', '11:00-21:00', '11:00-21:00', '11:00-21:00', '無', 'S098'),
('T00012', '龍門客棧餃子館', '林森', 'F006', 'https://pic.pimg.tw/anrine910070/1525581500-2785158449.jpg', 11, 'R0220', '', '61', '', '19', '', '', '2351-0729', '無', '17:00-23:00', '17:00-23:00', '17:00-23:00', '17:00-23:00', '17:00-23:00', '17:00-23:00', 'S098'),
('T00013', '爭厚厚切牛排', '板橋南雅', 'F007', 'https://www.facebook.com/tcutsteak/menu', 15, 'R0839', '二', '', '', '164', '', '', '8966-6801', '11:00-14:00、17:00-21:30', '11:00-14:00、17:00-21:30', '11:00-14:00、17:00-21:30', '11:00-14:00、17:00-21:30', '11:00-14:00、17:00-21:30', '11:00-14:00、17:00-21:30', '11:00-14:00、17:00-21:30', 'S104'),
('T00014', '教父牛排', '大直', 'F007', 'https://www.facebook.com/media/set/?vanity=DannysSteakhouse&set=a.2210423112437326', 11, 'R0182', '', '', '', '58', '', '', '8501-1838', '12:00-15:00、18:00-22:00', '12:00-15:00、18:00-22:00', '12:00-15:00、18:00-22:00', '12:00-15:00、18:00-22:00', '12:00-15:00、18:00-22:00', '11:30-15:30、17:30-22:30', '11:30-15:30、17:30-22:30', 'S015'),
('T00015', '果腹', '板橋', 'F008', 'https://cdn.walkerland.com.tw/images/upload/poi/p92032/m73909/a30ac25abcaf6e14904d4466af02244107d1782a.png', 15, 'R0753', '二', '', '', '69', '', '', '2952-2092', '08:00-18:30', '08:00-18:30', '08:00-18:30', '08:00-18:30', '08:00-18:30', '無', '無', 'S115'),
('T00016', '蒸饍美', '', 'F008', 'https://scontent.ftpe7-1.fna.fbcdn.net/v/t1.6435-9/134977225_1356452448023672_8585667154747214219_n.png?_nc_cat=106&ccb=1-3&_nc_sid=c4c01c&_nc_ohc=k401deFp3gsAX-Bs9CF&_nc_ht=scontent.ftpe7-1.fna&oh=daca052ad9394ce5af5f40e6ed1eaa59&oe=60CB0D04', 11, 'R0796', '', '16', '', '24', '', '', '2275-0000', '11:00-13:30、17:00-19:30', '11:00-13:30、17:00-19:30', '11:00-13:30、17:00-19:30', '11:00-13:30、17:00-19:30', '11:00-13:30、17:00-19:30', '11:00-13:30', '無', 'S102'),
('T00017', '麻古茶坊', '大安信義', 'F009', 'https://scontent.ftpe7-2.fna.fbcdn.net/v/t1.6435-9/108093146_140893777633651_4755043838751288532_n.jpg?_nc_cat=104&ccb=1-3&_nc_sid=8bfeb9&_nc_ohc=21hllK3fV0EAX__SiQ7&_nc_ht=scontent.ftpe7-2.fna&oh=70befee58f113dc11978c508896a491f&oe=60CA8165', 15, 'R0103', '三', '', '', '190', '', '', '2755-7655', '10:00-22:00', '10:00-22:00', '10:00-22:00', '10:00-22:00', '10:00-22:00', '10:00-22:00', '10:00-22:00', 'S009'),
('T00018', '再睡5分鐘', '台北', 'F009', 'https://scontent.ftpe7-3.fna.fbcdn.net/v/t1.6435-9/175924906_303964061247038_3031768667335426339_n.jpg?_nc_cat=102&ccb=1-3&_nc_sid=c4c01c&_nc_ohc=WBmimwcGnBoAX_421AM&_nc_ht=scontent.ftpe7-3.fna&oh=ef518269c86926412bd04ff3c529cb9c&oe=60CB3352', 11, 'R0233', '', '', '', '24', '', '', '2370-5200', '11:05-19:00', '11:05-19:00', '11:05-19:00', '11:05-19:00', '11:05-19:00', '11:05-19:00', '11:05-19:00', 'S044'),
('T00019', '泰樂', '', 'F010', 'https://scontent.ftpe7-4.fna.fbcdn.net/v/t1.6435-9/58707876_842338836158674_5273277824310968320_n.jpg?_nc_cat=107&ccb=1-3&_nc_sid=8bfeb9&_nc_ohc=55h8ofdgzNIAX9KU739&_nc_ht=scontent.ftpe7-4.fna&oh=de02ffae1a616eec749b7d7e878990f1&oe=60CA65A0', 15, 'R0773', '', '52', '', '4', '', '', '0917-339-689', '11:00-14:00、17:00-20:00', '11:00-14:00、17:00-20:00', '11:00-14:00、17:00-20:00', '11:00-14:00、17:00-20:00', '11:00-14:00、17:00-20:00', '11:00-14:00、17:00-20:00', '無', 'S103'),
('T00020', 'NARA Thai Cuisine', '新莊宏匯', 'F010', 'https://www.nara.com.tw/rice-noodles/', 11, 'R1369', '四', '', '', '3', '7', '', '8522-8538', '11:00-21:30', '11:00-21:30', '11:00-21:30', '11:00-21:30', '11:00-22:00', '11:00-22:00', '11:00-21:30', 'S117'),
('T00021', '鼎泰豐', '信義', 'F011', 'https://www.dintaifung.com.tw/food.php', 15, 'R0835', '二', '', '', '194', '', '', '2321-5958', '11:00-20:30', '11:00-20:30', '11:00-20:30', '11:00-20:30', '11:00-20:30', '10:30-20:30', '10:30-20:30', 'S047'),
('T00022', '茗香園冰室', '板橋', 'F011', 'https://pic.pimg.tw/melody8281/1588063464-1580682853.jpg', 11, 'R0765', '一', '', '', '7', '2', '', '2950-0029', '12:00-22:00', '12:00-22:00', '12:00-22:00', '12:00-22:00', '12:00-22:00', '12:00-22:00', '12:00-22:00', 'S103'),
('T00023', '定光韓食輕飲', '', 'F012', 'https://farm6.staticflickr.com/5710/23092473464_7d5cbbfe61_b.jpg', 15, 'R0810', '', '', '', '4', '', '', '0909-553-908', '11:00-20:00', '11:00-20:00', '11:00-20:00', '11:00-20:00', '11:00-20:00', '11:00-20:00', '無', 'S103'),
('T00024', '韓家香韓式料理', '', 'F012', 'https://lh3.googleusercontent.com/T3SDlBQf1THZ-Ubas0Ty54MiSiy8-o_L2MXLyMFSm2o7aFcpl0oCKpjBG3ZTCuaa1ixVNKO5KxZBVjkTfbBm4cpjenJlP5D5=s600', 11, 'R0898', '', '', '', '7', '', '', '2965-7206', '11:00-14:30、17:00-21:30', '', '11:00-14:30、17:00-21:30', '11:00-14:30、17:00-21:30', '11:00-14:30、17:00-21:30', '11:00-14:30、17:00-21:30', '11:00-14:30、17:00-21:30', 'S102'),
('T00025', '福德涼麵', '', 'F013', 'https://farm66.static.flickr.com/65535/33991654488_3c437412de_o.jpg', 15, 'R0183', '', '', '', '76', '', '', '2503-8553', '24小時營業', '24小時營業', '24小時營業', '24小時營業', '24小時營業', '24小時營業', '無', 'S011'),
('T00026', '劉媽媽涼麵', '', 'F013', 'https://live.staticflickr.com/65535/32937611007_a90ff6e792_c.jpg', 11, 'R0005', '五', '', '', '37', '', '', '8787-2093', '21:30-09:00', '21:30-09:00', '21:30-09:00', '21:30-09:00', '21:30-09:00', '21:30-09:00', '21:30-09:00', 'S096'),
('T00027', '六扇門', '板橋民治', 'F014', 'https://pic.pimg.tw/debby0520/1613907694-3831313802-g.jpg', 15, 'R0790', '', '', '', '131', '', '', '2258-5957', '11:00-23:00', '11:00-23:00', '11:00-23:00', '11:00-23:00', '11:00-23:00', '11:00-23:00', '11:00-23:00', 'S100'),
('T00028', '蒸天下', '', 'F014', 'https://lh3.googleusercontent.com/QhYH6YhlBE7IiI4Q8p7vM2K9GJec03rvNHhgc8oit7YdfUc3z61EOUE6vxOxrhHWVKzPGNqHR6NBvwLlNoYgNvQm2AFxxCsV=s600', 11, 'R0899', '', '193', '', '9', '', '', '8951-9538', '11:30-14:30、17:00-22:00', '11:30-14:30、17:00-22:00', '11:30-14:30、17:00-22:00', '11:30-14:30、17:00-22:00', '11:00-14:00、17:00-22:00', '11:00-14:00、17:00-22:00', '11:00-14:00、17:00-22:00', 'S115'),
('T00029', '義多摩', '', 'F015', 'https://lh3.googleusercontent.com/jT2aB3RymOEGkBNNEkIoImpVFKSStDz5G5-Uj4SmqsTg6pqxy68A2JgOvVbP0l07OeWb8arHg-Ba7NOszpKapmGLQpOQY0I=s600', 15, 'R0899', '', '193', '', '27', '', '', '2953-3077', '無', '11:00-14:00、17:00-21:00', '11:00-14:00、17:00-21:00', '11:00-14:00、17:00-21:00', '11:00-14:00、17:00-21:00', '11:00-14:00、17:00-21:00', '11:00-14:00、17:00-21:00', 'S115'),
('T00030', '麵食主義', '新板', 'F015', 'https://i1.wp.com/cdn.vvlove.me/wp-content/uploads/2019/05/麵食主義Kirin-Pasta-9322.jpg?resize=720%2C1080&ssl=1', 11, 'R0910', '一', '', '', '310', '', '', '2964-3968', '無', '11:30-14:30、17:00-20:30', '11:30-14:30、17:00-20:30', '11:30-14:30、17:00-20:30', '11:30-14:30、17:00-20:30', '11:30-14:30、17:00-20:30', '11:30-14:30、17:00-20:30', 'S102'),
('T00031', '燒肉眾', '中和環球', 'F016', 'https://www.yuanchuang.com.tw/pages/燒肉眾＿2021春季新菜單', 15, 'R1095', '三', '', '', '47', '', '', '8226-6190', '無', '17:00-01:00', '17:00-01:00', '17:00-01:00', '17:00-01:00', '12:00-01:00', '12:00-01:00', 'S115'),
('T00032', '原燒O-NiKU', '台北林森北', 'F016', 'https://www.yakiyan.com/pdf/2102/yakiyan_menu.pdf', 11, 'R0219', '', '', '', '123', '2', '', '2522-1688', '11:30-14:30、17:30-22:00', '11:30-14:30、17:30-22:00', '11:30-14:30、17:30-22:00', '11:30-14:30、17:30-22:00', '11:30-14:30、17:30-22:00', '11:30-14:30、17:00-22:30', '11:30-14:30、17:00-22:00', 'S043'),
('T00033', '三豐芋冰城', '', 'F017', 'https://images.zi.org.tw/almablog/2019/04/17105320/1555469599-16a619d5c2dfb464ad205282a72a9a7f-1024x645.jpg', 15, 'R0791', '', '', '', '15', '', '', '2952-4097', '無', '13:00-22:30', '13:00-22:30', '13:00-22:30', '13:00-22:30', '13:00-22:30', '13:00-22:30', 'S103'),
('T00034', '白水豆花', '台北永康', 'F017', 'https://alina00.com/wp-content/uploads/2019/09/IMG_20190907_143221.jpg', 11, 'R2079', '', '31', '', '9', '1', '', '2392-6707', '14:00-21:00', '14:00-21:00', '14:00-21:00', '無', '14:00-21:00', '14:00-21:00', '14:00-21:00', 'S047'),
('T00035', '炭吉郎居酒屋', '', 'F018', 'https://cdn.walkerland.com.tw/images/upload/poi/p110941/m79477/ccfe7225e51d0a9916c390d9ed76a77393204671.jpg', 15, 'R0765', '一', '', '', '295', '', '', '2956-3879', '無', '12:00-20:00', '12:00-20:00', '12:00-20:00', '12:00-20:00', '12:00-20:00', '12:00-20:00', 'S115'),
('T00036', '夜葉食堂', '三重', 'F018', 'https://heywakeup.com.tw/wp-content/uploads/2020/08/1597079667569-1024x696.jpg', 11, 'R1008', '一', '', '', '170', '', '', '2984-8289', '18:00-01:00', '18:00-01:00', '18:00-01:00', '18:00-01:00', '18:00-01:00', '18:00-01:00', '18:00-01:00', 'S086'),
('T00037', 'ABV 閣樓餐酒館', '', 'F019', 'https://www.abv.com.tw/penthouse/', 15, 'R0816', '', '', '', '67', '12', '', '2969-9989', '12:00-01:30', '12:00-01:30', '12:00-01:30', '12:00-01:30', '12:00-01:30', '12:00-01:30', '12:00-01:30', 'S103'),
('T00038', 'YELO Seoul Bistro 首爾餐酒館', '', 'F019', 'https://pic.pimg.tw/pi73713/1544978757-742394514.jpg', 11, 'R0910', '一', '', '', '308', '', '', '2952-9288', '17:00-24:00', '17:00-24:00', '17:00-24:00', '17:00-24:00', '17:00-24:00', '12:00-24:00', '12:00-24:00', 'S103'),
('T00039', '紅葉蛋糕', '板橋', 'F020', 'http://hongyeh-cake.com.tw/Uploads/Product/62031_830013559573.jpg', 15, 'R0899', '', '83', '', '1', '', '', '2250-1115', '09:00-21:00', '09:00-21:00', '09:00-21:00', '09:00-21:00', '09:00-21:00', '09:00-21:00', '09:00-21:00', 'S102'),
('T00040', '亞尼克', '環球板橋', 'F020', 'https://www.yannick.com.tw/shop/productlist?Item1=01&Item2=0102', 11, 'R0910', '二', '', '', '7', '1', '', '8969-3561', '10:00-22:00', '10:00-22:00', '10:00-22:00', '10:00-22:00', '10:00-22:00', '10:00-22:00', '10:00-22:00', 'S102'),
('T00041', 'Banana Blue Coffee', '005', 'F021', 'https://zh.bananabluecoffee.com/menu-zh-2', 15, 'R0536', '', '', '', '182', '', '', '2833-1858', '07:30-22:00', '07:00-22:00', '07:30-22:00', '07:30-22:00', '07:00-22:00', '08:00-22:00', '08:00-21:30', 'S038'),
('T00042', '鬧咖啡 NOW coffee', '', 'F021', 'https://alina00.com/wp-content/uploads/2017/10/DSCF7616.jpg', 11, 'R0214', '', '', '', '58', '', '', '2361-3160', '11:30-22:00', '11:30-22:00', '11:30-22:00', '11:30-22:00', '11:30-22:00', '11:30-22:00', '11:30-19:00', 'S064'),
('T00043', 'Puchi Loft 小倉庫', '', 'F022', 'https://www.facebook.com/www.puchiloft.tw/menu/?ref=page_internal', 15, 'R0776', '一', '270', '3', '26', '', '', '2251-1590', '08:30-15:30', '08:30-15:30', '08:30-15:30', '08:30-15:30', '08:30-15:30', '08:00-17:00', '08:00-17:00', 'S101'),
('T00044', '隔壁早餐 NextDoor', '', 'F022', 'https://www.facebook.com/NDbreakfast/menu/?ref=page_internal', 11, 'R0776', '一', '188', '7', '11', '', '', '0908-798-837', '07:00-16:30', '07:00-16:30', '07:00-16:30', '07:00-16:30', '07:00-16:30', '08:00-16:30', '08:00-16:30', 'S101'),
('T00045', '阜杭豆漿', '', 'F023', 'https://4.bp.blogspot.com/-Q7j84lGi7zg/Xc2N87g14wI/AAAAAAADL58/2mVJBPDCF4UKtHb_ze3T0wErfojT5b9QQCLcBGAsYHQ/s800/002.jpg', 15, 'R0216', '一', '', '', '108', '2', '', '2392-2175', '無', '05:30-12:30', '05:30-12:30', '05:30-12:30', '05:30-12:30', '05:30-12:30', '05:30-12:30', 'S098'),
('T00046', '太和豆漿', '', 'F023', 'https://aniseblog.tw/wp-content/uploads/2020/12/1607850313-fc07432de4e16c5b83f5ae4fd39101ca.jpg', 11, 'R0790', '', '', '', '69', '', '', '2251-3749', '05:30-11:30', '05:30-11:30', '05:30-11:30', '05:30-11:30', '05:30-11:30', '05:30-11:30', '05:30-11:30', 'S100'),
('T00047', 'Lazy Pig 懶豬 三明治', '', 'F024', 'https://maruplayplay.com/wp-content/uploads/lazypig10.jpg', 15, 'R0776', '二', '410', '2', '3', '1', '', '2254-0588', '無', '06:30-14:00', '06:30-14:00', '06:30-14:00', '06:30-14:00', '06:30-14:00', '06:30-14:00', 'S100'),
('T00048', '金花吐司專賣店', '板橋', 'F024', 'https://scontent.ftpe7-4.fna.fbcdn.net/v/t1.6435-9/186498653_327905522281776_5354329663737797522_n.jpg?_nc_cat=105&ccb=1-3&_nc_sid=c4c01c&_nc_ohc=Wil7KugZ4GgAX9qSRxu&_nc_ht=scontent.ftpe7-4.fna&oh=ce057c5ae07f7c448295bf32ef9e92a0&oe=60CA74FA', 11, 'R0765', '二', '', '', '98之5', '', '', '0906-775-623', '無', '06:30-14:30', '06:30-14:30', '06:30-14:30', '06:30-14:30', '07:30-15:30', '07:30-15:30', 'S115'),
('T00049', 'Gino Pizza Napoletana', '板橋府中', 'F025', 'https://2.bp.blogspot.com/-yx0NNZnuL9w/XmH3VtqVivI/AAAAAAAA2p4/Ick-CGrVODklBAt7bq5M2wD4Pax6GAnKQCKgBGAsYHg/s1600/ginopizza-30.jpg', 11, 'R0845', '', '', '', '26', '', '', '2956-5658', '11:30-14:30、16:30-22:00', '11:30-14:30、16:30-22:00', '11:30-14:30、16:30-22:00', '11:30-14:30、16:30-22:00', '11:30-14:30、16:30-22:00', '11:30-22:00', '11:30-22:00', 'S103'),
('T00050', '蘇阿姨比薩屋', '', 'F025', 'https://scontent.ftpe7-1.fna.fbcdn.net/v/t31.18172-8/28947150_1746941932038768_8807289683544285877_o.jpg?_nc_cat=106&ccb=1-3&_nc_sid=cdbe9c&_nc_ohc=krma_Cgb-_4AX8r8dks&_nc_ht=scontent.ftpe7-1.fna&oh=519cb569a29e40e809e1cbe0d6d57ea6&oe=60EBD642', 15, 'R0087', '', '', '', '300', '', '', '2740-2328', '無', '11:00-22:00', '11:00-22:00', '11:00-22:00', '11:00-22:00', '11:00-22:00', '11:00-22:00', 'S096');

-- --------------------------------------------------------

--
-- 資料表結構 `StationLineColor`
--

CREATE TABLE `StationLineColor` (
  `StationID` char(4) COLLATE utf8_unicode_520_ci NOT NULL,
  `LineColor` varchar(2) COLLATE utf8_unicode_520_ci NOT NULL
) ENGINE=InnoDB DEFAULT CHARSET=utf8mb4 COLLATE=utf8_unicode_520_ci;

--
-- 傾印資料表的資料 `StationLineColor`
--

INSERT INTO `StationLineColor` (`StationID`, `LineColor`) VALUES
('S001', '棕'),
('S002', '棕'),
('S003', '棕'),
('S004', '棕'),
('S005', '棕'),
('S006', '棕'),
('S007', '棕'),
('S008', '棕'),
('S009', '棕'),
('S009', '紅'),
('S010', '棕'),
('S010', '藍'),
('S011', '棕'),
('S011', '綠'),
('S012', '棕'),
('S013', '棕'),
('S014', '棕'),
('S015', '棕'),
('S016', '棕'),
('S017', '棕'),
('S018', '棕'),
('S019', '棕'),
('S020', '棕'),
('S021', '棕'),
('S022', '棕'),
('S023', '棕'),
('S024', '棕'),
('S024', '藍'),
('S025', '紅'),
('S026', '紅'),
('S027', '紅'),
('S028', '紅'),
('S029', '紅'),
('S030', '紅'),
('S031', '紅'),
('S032', '紅'),
('S033', '紅'),
('S034', '紅'),
('S035', '紅'),
('S036', '紅'),
('S037', '紅'),
('S038', '紅'),
('S039', '紅'),
('S040', '紅'),
('S041', '橘'),
('S041', '紅'),
('S042', '紅'),
('S043', '紅'),
('S043', '綠'),
('S044', '紅'),
('S044', '藍'),
('S045', '紅'),
('S046', '紅'),
('S046', '綠'),
('S047', '橘'),
('S047', '紅'),
('S048', '紅'),
('S049', '紅'),
('S050', '紅'),
('S051', '紅'),
('S052', '綠'),
('S053', '綠'),
('S054', '綠'),
('S055', '綠'),
('S056', '綠'),
('S056', '黃'),
('S057', '綠'),
('S058', '綠'),
('S059', '綠'),
('S060', '綠'),
('S061', '橘'),
('S061', '綠'),
('S062', '綠'),
('S063', '綠'),
('S063', '藍'),
('S064', '綠'),
('S065', '橘'),
('S065', '綠'),
('S066', '綠'),
('S067', '綠'),
('S068', '綠'),
('S069', '橘'),
('S070', '橘'),
('S070', '黃'),
('S071', '橘'),
('S072', '橘'),
('S073', '橘'),
('S073', '藍'),
('S074', '橘'),
('S075', '橘'),
('S076', '橘'),
('S077', '橘'),
('S078', '橘'),
('S079', '橘'),
('S080', '橘'),
('S081', '橘'),
('S081', '黃'),
('S082', '橘'),
('S083', '橘'),
('S084', '橘'),
('S085', '橘'),
('S086', '橘'),
('S087', '橘'),
('S088', '橘'),
('S089', '橘'),
('S090', '橘'),
('S091', '藍'),
('S092', '藍'),
('S093', '藍'),
('S094', '藍'),
('S095', '藍'),
('S096', '藍'),
('S097', '藍'),
('S098', '藍'),
('S099', '藍'),
('S100', '藍'),
('S101', '藍'),
('S102', '藍'),
('S102', '黃'),
('S103', '藍'),
('S104', '藍'),
('S105', '藍'),
('S106', '藍'),
('S107', '藍'),
('S108', '藍'),
('S109', '黃'),
('S110', '黃'),
('S111', '黃'),
('S112', '黃'),
('S113', '黃'),
('S114', '黃'),
('S115', '黃'),
('S116', '黃'),
('S117', '黃'),
('S118', '黃');

--
-- 已傾印資料表的索引
--

--
-- 資料表索引 `City`
--
ALTER TABLE `City`
  ADD PRIMARY KEY (`CityID`);

--
-- 資料表索引 `CityDistrict`
--
ALTER TABLE `CityDistrict`
  ADD PRIMARY KEY (`DistrictID`),
  ADD KEY `CityID` (`CityID`),
  ADD KEY `DistrictID` (`DistrictID`);

--
-- 資料表索引 `District`
--
ALTER TABLE `District`
  ADD PRIMARY KEY (`DistrictID`);

--
-- 資料表索引 `DistrictRoad`
--
ALTER TABLE `DistrictRoad`
  ADD PRIMARY KEY (`DistrictRoadID`),
  ADD KEY `DistrictID` (`DistrictID`);

--
-- 資料表索引 `FoodType`
--
ALTER TABLE `FoodType`
  ADD PRIMARY KEY (`FoodTypeID`);

--
-- 資料表索引 `Member`
--
ALTER TABLE `Member`
  ADD PRIMARY KEY (`Account`);

--
-- 資料表索引 `MemberPressAdd`
--
ALTER TABLE `MemberPressAdd`
  ADD PRIMARY KEY (`Account`,`RestaurantID`),
  ADD KEY `Account` (`Account`) USING BTREE,
  ADD KEY `RestaurantID` (`RestaurantID`);

--
-- 資料表索引 `MemberQA`
--
ALTER TABLE `MemberQA`
  ADD PRIMARY KEY (`Account`,`QuestionID`),
  ADD KEY `Account` (`Account`),
  ADD KEY `QuestionID` (`QuestionID`);

--
-- 資料表索引 `MRTStation`
--
ALTER TABLE `MRTStation`
  ADD PRIMARY KEY (`StationID`);

--
-- 資料表索引 `MyMap`
--
ALTER TABLE `MyMap`
  ADD PRIMARY KEY (`MyRestaurantID`),
  ADD KEY `Account` (`Account`) USING BTREE,
  ADD KEY `StationID` (`StationID`);

--
-- 資料表索引 `Question`
--
ALTER TABLE `Question`
  ADD PRIMARY KEY (`QuestionID`);

--
-- 資料表索引 `Recommend`
--
ALTER TABLE `Recommend`
  ADD PRIMARY KEY (`RecommendID`),
  ADD KEY `DistrictRoadID` (`DistrictRoadID`) USING BTREE,
  ADD KEY `Account` (`Account`),
  ADD KEY `FoodTypeID` (`FoodTypeID`),
  ADD KEY `StationID` (`StationID`);

--
-- 資料表索引 `Restaurant`
--
ALTER TABLE `Restaurant`
  ADD PRIMARY KEY (`RestaurantID`),
  ADD KEY `DistrictRoadID` (`DistrictRoadID`) USING BTREE,
  ADD KEY `FoodTypeID` (`FoodTypeID`),
  ADD KEY `StationID` (`StationID`);

--
-- 資料表索引 `StationLineColor`
--
ALTER TABLE `StationLineColor`
  ADD PRIMARY KEY (`StationID`,`LineColor`),
  ADD KEY `StationID` (`StationID`);

--
-- 已傾印資料表的限制(constraint)
--

--
-- 資料表的限制(constraint) `CityDistrict`
--
ALTER TABLE `CityDistrict`
  ADD CONSTRAINT `citydistrict_ibfk_1` FOREIGN KEY (`CityID`) REFERENCES `City` (`CityID`) ON DELETE CASCADE ON UPDATE CASCADE,
  ADD CONSTRAINT `citydistrict_ibfk_2` FOREIGN KEY (`DistrictID`) REFERENCES `District` (`DistrictID`) ON DELETE CASCADE ON UPDATE CASCADE;

--
-- 資料表的限制(constraint) `DistrictRoad`
--
ALTER TABLE `DistrictRoad`
  ADD CONSTRAINT `districtroad_ibfk_1` FOREIGN KEY (`DistrictID`) REFERENCES `District` (`DistrictID`) ON DELETE CASCADE ON UPDATE CASCADE;

--
-- 資料表的限制(constraint) `MemberPressAdd`
--
ALTER TABLE `MemberPressAdd`
  ADD CONSTRAINT `memberpressadd_ibfk_1` FOREIGN KEY (`Account`) REFERENCES `Member` (`Account`) ON DELETE CASCADE ON UPDATE CASCADE,
  ADD CONSTRAINT `memberpressadd_ibfk_2` FOREIGN KEY (`RestaurantID`) REFERENCES `Restaurant` (`RestaurantID`) ON DELETE CASCADE ON UPDATE CASCADE;

--
-- 資料表的限制(constraint) `MemberQA`
--
ALTER TABLE `MemberQA`
  ADD CONSTRAINT `memberqa_ibfk_1` FOREIGN KEY (`Account`) REFERENCES `Member` (`Account`) ON DELETE CASCADE ON UPDATE CASCADE,
  ADD CONSTRAINT `memberqa_ibfk_2` FOREIGN KEY (`QuestionID`) REFERENCES `Question` (`QuestionID`) ON UPDATE CASCADE;

--
-- 資料表的限制(constraint) `MyMap`
--
ALTER TABLE `MyMap`
  ADD CONSTRAINT `mymap_ibfk_1` FOREIGN KEY (`Account`) REFERENCES `Member` (`Account`) ON DELETE CASCADE ON UPDATE CASCADE,
  ADD CONSTRAINT `mymap_ibfk_2` FOREIGN KEY (`StationID`) REFERENCES `MRTStation` (`StationID`) ON DELETE CASCADE ON UPDATE CASCADE;

--
-- 資料表的限制(constraint) `Recommend`
--
ALTER TABLE `Recommend`
  ADD CONSTRAINT `recommend_ibfk_1` FOREIGN KEY (`Account`) REFERENCES `Member` (`Account`) ON DELETE SET NULL ON UPDATE CASCADE,
  ADD CONSTRAINT `recommend_ibfk_2` FOREIGN KEY (`FoodTypeID`) REFERENCES `FoodType` (`FoodTypeID`) ON DELETE CASCADE ON UPDATE CASCADE,
  ADD CONSTRAINT `recommend_ibfk_3` FOREIGN KEY (`DistrictRoadID`) REFERENCES `DistrictRoad` (`DistrictRoadID`) ON DELETE CASCADE ON UPDATE CASCADE,
  ADD CONSTRAINT `recommend_ibfk_4` FOREIGN KEY (`StationID`) REFERENCES `MRTStation` (`StationID`) ON DELETE CASCADE ON UPDATE CASCADE;

--
-- 資料表的限制(constraint) `Restaurant`
--
ALTER TABLE `Restaurant`
  ADD CONSTRAINT `restaurant_ibfk_1` FOREIGN KEY (`FoodTypeID`) REFERENCES `FoodType` (`FoodTypeID`) ON DELETE CASCADE ON UPDATE CASCADE,
  ADD CONSTRAINT `restaurant_ibfk_2` FOREIGN KEY (`DistrictRoadID`) REFERENCES `DistrictRoad` (`DistrictRoadID`) ON DELETE CASCADE ON UPDATE CASCADE,
  ADD CONSTRAINT `restaurant_ibfk_3` FOREIGN KEY (`StationID`) REFERENCES `MRTStation` (`StationID`) ON DELETE CASCADE ON UPDATE CASCADE;

--
-- 資料表的限制(constraint) `StationLineColor`
--
ALTER TABLE `StationLineColor`
  ADD CONSTRAINT `stationlinecolor_ibfk_1` FOREIGN KEY (`StationID`) REFERENCES `MRTStation` (`StationID`) ON DELETE CASCADE ON UPDATE CASCADE;
COMMIT;

/*!40101 SET CHARACTER_SET_CLIENT=@OLD_CHARACTER_SET_CLIENT */;
/*!40101 SET CHARACTER_SET_RESULTS=@OLD_CHARACTER_SET_RESULTS */;
/*!40101 SET COLLATION_CONNECTION=@OLD_COLLATION_CONNECTION */;
